{
  "timestamp": "2026-07-13T10:19:21.760Z",
  "path": "/auth/me",
  "method": "GET",
  "status": 401,
  "error": {
    "message": "Unauthorized",
    "stack": "UnauthorizedException: Unauthorized\n    at MixinAuthGuard.handleRequest (/home/abhimanyu/Projects/YQ/YQ Management/backend/node_modules/@nestjs/passport/dist/auth.guard.js:60:30)\n    at /home/abhimanyu/Projects/YQ/YQ Management/backend/node_modules/@nestjs/passport/dist/auth.guard.js:44:124\n    at /home/abhimanyu/Projects/YQ/YQ Management/backend/node_modules/@nestjs/passport/dist/auth.guard.js:83:24\n    at allFailed (/home/abhimanyu/Projects/YQ/YQ Management/backend/node_modules/passport/lib/middleware/authenticate.js:110:18)\n    at attempt (/home/abhimanyu/Projects/YQ/YQ Management/backend/node_modules/passport/lib/middleware/authenticate.js:183:28)\n    at strategy.fail (/home/abhimanyu/Projects/YQ/YQ Management/backend/node_modules/passport/lib/middleware/authenticate.js:314:9)\n    at /home/abhimanyu/Projects/YQ/YQ Management/backend/node_modules/passport-jwt/lib/strategy.js:106:33\n    at /home/abhimanyu/Projects/YQ/YQ Management/backend/node_modules/jsonwebtoken/verify.js:190:16\n    at getSecret (/home/abhimanyu/Projects/YQ/YQ Management/backend/node_modules/jsonwebtoken/verify.js:97:14)\n    at module.exports [as verify] (/home/abhimanyu/Projects/YQ/YQ Management/backend/node_modules/jsonwebtoken/verify.js:101:10)",
    "name": "UnauthorizedException"
  }
}

{
  "timestamp": "2026-07-13T10:19:52.649Z",
  "path": "/auth/me",
  "method": "GET",
  "status": 401,
  "error": {
    "message": "Unauthorized",
    "stack": "UnauthorizedException: Unauthorized\n    at MixinAuthGuard.handleRequest (/home/abhimanyu/Projects/YQ/YQ Management/backend/node_modules/@nestjs/passport/dist/auth.guard.js:60:30)\n    at /home/abhimanyu/Projects/YQ/YQ Management/backend/node_modules/@nestjs/passport/dist/auth.guard.js:44:124\n    at /home/abhimanyu/Projects/YQ/YQ Management/backend/node_modules/@nestjs/passport/dist/auth.guard.js:83:24\n    at allFailed (/home/abhimanyu/Projects/YQ/YQ Management/backend/node_modules/passport/lib/middleware/authenticate.js:110:18)\n    at attempt (/home/abhimanyu/Projects/YQ/YQ Management/backend/node_modules/passport/lib/middleware/authenticate.js:183:28)\n    at strategy.fail (/home/abhimanyu/Projects/YQ/YQ Management/backend/node_modules/passport/lib/middleware/authenticate.js:314:9)\n    at /home/abhimanyu/Projects/YQ/YQ Management/backend/node_modules/passport-jwt/lib/strategy.js:106:33\n    at /home/abhimanyu/Projects/YQ/YQ Management/backend/node_modules/jsonwebtoken/verify.js:190:16\n    at getSecret (/home/abhimanyu/Projects/YQ/YQ Management/backend/node_modules/jsonwebtoken/verify.js:97:14)\n    at module.exports [as verify] (/home/abhimanyu/Projects/YQ/YQ Management/backend/node_modules/jsonwebtoken/verify.js:101:10)",
    "name": "UnauthorizedException"
  }
}

{
  "timestamp": "2026-07-13T10:39:58.538Z",
  "path": "/auth/me",
  "method": "GET",
  "status": 401,
  "error": {
    "message": "Unauthorized",
    "stack": "UnauthorizedException: Unauthorized\n    at MixinAuthGuard.handleRequest (/home/abhimanyu/Projects/YQ/YQ Management/backend/node_modules/@nestjs/passport/dist/auth.guard.js:60:30)\n    at /home/abhimanyu/Projects/YQ/YQ Management/backend/node_modules/@nestjs/passport/dist/auth.guard.js:44:124\n    at /home/abhimanyu/Projects/YQ/YQ Management/backend/node_modules/@nestjs/passport/dist/auth.guard.js:83:24\n    at allFailed (/home/abhimanyu/Projects/YQ/YQ Management/backend/node_modules/passport/lib/middleware/authenticate.js:110:18)\n    at attempt (/home/abhimanyu/Projects/YQ/YQ Management/backend/node_modules/passport/lib/middleware/authenticate.js:183:28)\n    at strategy.fail (/home/abhimanyu/Projects/YQ/YQ Management/backend/node_modules/passport/lib/middleware/authenticate.js:314:9)\n    at /home/abhimanyu/Projects/YQ/YQ Management/backend/node_modules/passport-jwt/lib/strategy.js:106:33\n    at /home/abhimanyu/Projects/YQ/YQ Management/backend/node_modules/jsonwebtoken/verify.js:190:16\n    at getSecret (/home/abhimanyu/Projects/YQ/YQ Management/backend/node_modules/jsonwebtoken/verify.js:97:14)\n    at module.exports [as verify] (/home/abhimanyu/Projects/YQ/YQ Management/backend/node_modules/jsonwebtoken/verify.js:101:10)",
    "name": "UnauthorizedException"
  }
}

{
  "timestamp": "2026-07-13T10:39:59.991Z",
  "path": "/auth/me",
  "method": "GET",
  "status": 401,
  "error": {
    "message": "Unauthorized",
    "stack": "UnauthorizedException: Unauthorized\n    at MixinAuthGuard.handleRequest (/home/abhimanyu/Projects/YQ/YQ Management/backend/node_modules/@nestjs/passport/dist/auth.guard.js:60:30)\n    at /home/abhimanyu/Projects/YQ/YQ Management/backend/node_modules/@nestjs/passport/dist/auth.guard.js:44:124\n    at /home/abhimanyu/Projects/YQ/YQ Management/backend/node_modules/@nestjs/passport/dist/auth.guard.js:83:24\n    at allFailed (/home/abhimanyu/Projects/YQ/YQ Management/backend/node_modules/passport/lib/middleware/authenticate.js:110:18)\n    at attempt (/home/abhimanyu/Projects/YQ/YQ Management/backend/node_modules/passport/lib/middleware/authenticate.js:183:28)\n    at strategy.fail (/home/abhimanyu/Projects/YQ/YQ Management/backend/node_modules/passport/lib/middleware/authenticate.js:314:9)\n    at /home/abhimanyu/Projects/YQ/YQ Management/backend/node_modules/passport-jwt/lib/strategy.js:106:33\n    at /home/abhimanyu/Projects/YQ/YQ Management/backend/node_modules/jsonwebtoken/verify.js:190:16\n    at getSecret (/home/abhimanyu/Projects/YQ/YQ Management/backend/node_modules/jsonwebtoken/verify.js:97:14)\n    at module.exports [as verify] (/home/abhimanyu/Projects/YQ/YQ Management/backend/node_modules/jsonwebtoken/verify.js:101:10)",
    "name": "UnauthorizedException"
  }
}

{
  "timestamp": "2026-07-13T10:41:31.107Z",
  "path": "/auth/google/callback?iss=https%3A%2F%2Faccounts.google.com&code=4%2F0AdkVLPzYiQhNpikg5oRoB-MFmOUIXFK-v0HmwD2O1r8wytkcqrMYI2IPfcYmguPmrKizTw&scope=email+profile+https%3A%2F%2Fwww.googleapis.com%2Fauth%2Fuserinfo.email+openid+https%3A%2F%2Fwww.googleapis.com%2Fauth%2Fuserinfo.profile&authuser=0&prompt=none",
  "method": "GET",
  "status": 500,
  "error": {
    "message": "Failed to obtain access token",
    "stack": "InternalOAuthError: Failed to obtain access token\n    at OAuth2Strategy._createOAuthError (/home/abhimanyu/Projects/YQ/YQ Management/backend/node_modules/passport-oauth2/lib/strategy.js:423:17)\n    at /home/abhimanyu/Projects/YQ/YQ Management/backend/node_modules/passport-oauth2/lib/strategy.js:177:45\n    at /home/abhimanyu/Projects/YQ/YQ Management/backend/node_modules/oauth/lib/oauth2.js:196:18\n    at ClientRequest.<anonymous> (/home/abhimanyu/Projects/YQ/YQ Management/backend/node_modules/oauth/lib/oauth2.js:166:7)\n    at ClientRequest.emit (node:events:509:28)\n    at emitErrorEvent (node:_http_client:109:11)\n    at TLSSocket.socketOnEnd (node:_http_client:617:5)\n    at TLSSocket.emit (node:events:521:24)\n    at endReadableNT (node:internal/streams/readable:1729:12)\n    at process.processTicksAndRejections (node:internal/process/task_queues:90:21)",
    "name": "InternalOAuthError"
  }
}

{
  "timestamp": "2026-07-13T10:41:31.841Z",
  "path": "/auth/me",
  "method": "GET",
  "status": 401,
  "error": {
    "message": "Unauthorized",
    "stack": "UnauthorizedException: Unauthorized\n    at MixinAuthGuard.handleRequest (/home/abhimanyu/Projects/YQ/YQ Management/backend/node_modules/@nestjs/passport/dist/auth.guard.js:60:30)\n    at /home/abhimanyu/Projects/YQ/YQ Management/backend/node_modules/@nestjs/passport/dist/auth.guard.js:44:124\n    at /home/abhimanyu/Projects/YQ/YQ Management/backend/node_modules/@nestjs/passport/dist/auth.guard.js:83:24\n    at allFailed (/home/abhimanyu/Projects/YQ/YQ Management/backend/node_modules/passport/lib/middleware/authenticate.js:110:18)\n    at attempt (/home/abhimanyu/Projects/YQ/YQ Management/backend/node_modules/passport/lib/middleware/authenticate.js:183:28)\n    at strategy.fail (/home/abhimanyu/Projects/YQ/YQ Management/backend/node_modules/passport/lib/middleware/authenticate.js:314:9)\n    at /home/abhimanyu/Projects/YQ/YQ Management/backend/node_modules/passport-jwt/lib/strategy.js:106:33\n    at /home/abhimanyu/Projects/YQ/YQ Management/backend/node_modules/jsonwebtoken/verify.js:190:16\n    at getSecret (/home/abhimanyu/Projects/YQ/YQ Management/backend/node_modules/jsonwebtoken/verify.js:97:14)\n    at module.exports [as verify] (/home/abhimanyu/Projects/YQ/YQ Management/backend/node_modules/jsonwebtoken/verify.js:101:10)",
    "name": "UnauthorizedException"
  }
}

{
  "timestamp": "2026-07-13T10:41:33.970Z",
  "path": "/auth/me",
  "method": "GET",
  "status": 401,
  "error": {
    "message": "Unauthorized",
    "stack": "UnauthorizedException: Unauthorized\n    at MixinAuthGuard.handleRequest (/home/abhimanyu/Projects/YQ/YQ Management/backend/node_modules/@nestjs/passport/dist/auth.guard.js:60:30)\n    at /home/abhimanyu/Projects/YQ/YQ Management/backend/node_modules/@nestjs/passport/dist/auth.guard.js:44:124\n    at /home/abhimanyu/Projects/YQ/YQ Management/backend/node_modules/@nestjs/passport/dist/auth.guard.js:83:24\n    at allFailed (/home/abhimanyu/Projects/YQ/YQ Management/backend/node_modules/passport/lib/middleware/authenticate.js:110:18)\n    at attempt (/home/abhimanyu/Projects/YQ/YQ Management/backend/node_modules/passport/lib/middleware/authenticate.js:183:28)\n    at strategy.fail (/home/abhimanyu/Projects/YQ/YQ Management/backend/node_modules/passport/lib/middleware/authenticate.js:314:9)\n    at /home/abhimanyu/Projects/YQ/YQ Management/backend/node_modules/passport-jwt/lib/strategy.js:106:33\n    at /home/abhimanyu/Projects/YQ/YQ Management/backend/node_modules/jsonwebtoken/verify.js:190:16\n    at getSecret (/home/abhimanyu/Projects/YQ/YQ Management/backend/node_modules/jsonwebtoken/verify.js:97:14)\n    at module.exports [as verify] (/home/abhimanyu/Projects/YQ/YQ Management/backend/node_modules/jsonwebtoken/verify.js:101:10)",
    "name": "UnauthorizedException"
  }
}

{
  "timestamp": "2026-07-13T10:46:10.276Z",
  "path": "/auth/me",
  "method": "GET",
  "status": 401,
  "error": {
    "message": "Unauthorized",
    "stack": "UnauthorizedException: Unauthorized\n    at MixinAuthGuard.handleRequest (/home/abhimanyu/Projects/YQ/YQ Management/backend/node_modules/@nestjs/passport/dist/auth.guard.js:60:30)\n    at /home/abhimanyu/Projects/YQ/YQ Management/backend/node_modules/@nestjs/passport/dist/auth.guard.js:44:124\n    at /home/abhimanyu/Projects/YQ/YQ Management/backend/node_modules/@nestjs/passport/dist/auth.guard.js:83:24\n    at allFailed (/home/abhimanyu/Projects/YQ/YQ Management/backend/node_modules/passport/lib/middleware/authenticate.js:110:18)\n    at attempt (/home/abhimanyu/Projects/YQ/YQ Management/backend/node_modules/passport/lib/middleware/authenticate.js:183:28)\n    at strategy.fail (/home/abhimanyu/Projects/YQ/YQ Management/backend/node_modules/passport/lib/middleware/authenticate.js:314:9)\n    at /home/abhimanyu/Projects/YQ/YQ Management/backend/node_modules/passport-jwt/lib/strategy.js:106:33\n    at /home/abhimanyu/Projects/YQ/YQ Management/backend/node_modules/jsonwebtoken/verify.js:190:16\n    at getSecret (/home/abhimanyu/Projects/YQ/YQ Management/backend/node_modules/jsonwebtoken/verify.js:97:14)\n    at module.exports [as verify] (/home/abhimanyu/Projects/YQ/YQ Management/backend/node_modules/jsonwebtoken/verify.js:101:10)",
    "name": "UnauthorizedException"
  }
}

{
  "timestamp": "2026-07-13T12:28:33.269Z",
  "path": "/queue/3196b40e-6646-4d54-bb20-5c3aeb696b7c/tokens",
  "method": "GET",
  "status": 401,
  "error": {
    "message": "Unauthorized",
    "stack": "UnauthorizedException: Unauthorized\n    at MixinAuthGuard.handleRequest (/home/abhimanyu/Projects/YQ/YQ Management/backend/node_modules/@nestjs/passport/dist/auth.guard.js:60:30)\n    at /home/abhimanyu/Projects/YQ/YQ Management/backend/node_modules/@nestjs/passport/dist/auth.guard.js:44:124\n    at /home/abhimanyu/Projects/YQ/YQ Management/backend/node_modules/@nestjs/passport/dist/auth.guard.js:83:24\n    at allFailed (/home/abhimanyu/Projects/YQ/YQ Management/backend/node_modules/passport/lib/middleware/authenticate.js:110:18)\n    at attempt (/home/abhimanyu/Projects/YQ/YQ Management/backend/node_modules/passport/lib/middleware/authenticate.js:183:28)\n    at strategy.fail (/home/abhimanyu/Projects/YQ/YQ Management/backend/node_modules/passport/lib/middleware/authenticate.js:314:9)\n    at /home/abhimanyu/Projects/YQ/YQ Management/backend/node_modules/passport-jwt/lib/strategy.js:106:33\n    at /home/abhimanyu/Projects/YQ/YQ Management/backend/node_modules/jsonwebtoken/verify.js:190:16\n    at getSecret (/home/abhimanyu/Projects/YQ/YQ Management/backend/node_modules/jsonwebtoken/verify.js:97:14)\n    at module.exports [as verify] (/home/abhimanyu/Projects/YQ/YQ Management/backend/node_modules/jsonwebtoken/verify.js:101:10)",
    "name": "UnauthorizedException"
  }
}

{
  "timestamp": "2026-07-13T12:28:34.287Z",
  "path": "/queue/3196b40e-6646-4d54-bb20-5c3aeb696b7c/tokens",
  "method": "GET",
  "status": 401,
  "error": {
    "message": "Unauthorized",
    "stack": "UnauthorizedException: Unauthorized\n    at MixinAuthGuard.handleRequest (/home/abhimanyu/Projects/YQ/YQ Management/backend/node_modules/@nestjs/passport/dist/auth.guard.js:60:30)\n    at /home/abhimanyu/Projects/YQ/YQ Management/backend/node_modules/@nestjs/passport/dist/auth.guard.js:44:124\n    at /home/abhimanyu/Projects/YQ/YQ Management/backend/node_modules/@nestjs/passport/dist/auth.guard.js:83:24\n    at allFailed (/home/abhimanyu/Projects/YQ/YQ Management/backend/node_modules/passport/lib/middleware/authenticate.js:110:18)\n    at attempt (/home/abhimanyu/Projects/YQ/YQ Management/backend/node_modules/passport/lib/middleware/authenticate.js:183:28)\n    at strategy.fail (/home/abhimanyu/Projects/YQ/YQ Management/backend/node_modules/passport/lib/middleware/authenticate.js:314:9)\n    at /home/abhimanyu/Projects/YQ/YQ Management/backend/node_modules/passport-jwt/lib/strategy.js:106:33\n    at /home/abhimanyu/Projects/YQ/YQ Management/backend/node_modules/jsonwebtoken/verify.js:190:16\n    at getSecret (/home/abhimanyu/Projects/YQ/YQ Management/backend/node_modules/jsonwebtoken/verify.js:97:14)\n    at module.exports [as verify] (/home/abhimanyu/Projects/YQ/YQ Management/backend/node_modules/jsonwebtoken/verify.js:101:10)",
    "name": "UnauthorizedException"
  }
}

{
  "timestamp": "2026-07-13T12:28:36.292Z",
  "path": "/queue/3196b40e-6646-4d54-bb20-5c3aeb696b7c/tokens",
  "method": "GET",
  "status": 401,
  "error": {
    "message": "Unauthorized",
    "stack": "UnauthorizedException: Unauthorized\n    at MixinAuthGuard.handleRequest (/home/abhimanyu/Projects/YQ/YQ Management/backend/node_modules/@nestjs/passport/dist/auth.guard.js:60:30)\n    at /home/abhimanyu/Projects/YQ/YQ Management/backend/node_modules/@nestjs/passport/dist/auth.guard.js:44:124\n    at /home/abhimanyu/Projects/YQ/YQ Management/backend/node_modules/@nestjs/passport/dist/auth.guard.js:83:24\n    at allFailed (/home/abhimanyu/Projects/YQ/YQ Management/backend/node_modules/passport/lib/middleware/authenticate.js:110:18)\n    at attempt (/home/abhimanyu/Projects/YQ/YQ Management/backend/node_modules/passport/lib/middleware/authenticate.js:183:28)\n    at strategy.fail (/home/abhimanyu/Projects/YQ/YQ Management/backend/node_modules/passport/lib/middleware/authenticate.js:314:9)\n    at /home/abhimanyu/Projects/YQ/YQ Management/backend/node_modules/passport-jwt/lib/strategy.js:106:33\n    at /home/abhimanyu/Projects/YQ/YQ Management/backend/node_modules/jsonwebtoken/verify.js:190:16\n    at getSecret (/home/abhimanyu/Projects/YQ/YQ Management/backend/node_modules/jsonwebtoken/verify.js:97:14)\n    at module.exports [as verify] (/home/abhimanyu/Projects/YQ/YQ Management/backend/node_modules/jsonwebtoken/verify.js:101:10)",
    "name": "UnauthorizedException"
  }
}

{
  "timestamp": "2026-07-13T12:28:40.298Z",
  "path": "/queue/3196b40e-6646-4d54-bb20-5c3aeb696b7c/tokens",
  "method": "GET",
  "status": 401,
  "error": {
    "message": "Unauthorized",
    "stack": "UnauthorizedException: Unauthorized\n    at MixinAuthGuard.handleRequest (/home/abhimanyu/Projects/YQ/YQ Management/backend/node_modules/@nestjs/passport/dist/auth.guard.js:60:30)\n    at /home/abhimanyu/Projects/YQ/YQ Management/backend/node_modules/@nestjs/passport/dist/auth.guard.js:44:124\n    at /home/abhimanyu/Projects/YQ/YQ Management/backend/node_modules/@nestjs/passport/dist/auth.guard.js:83:24\n    at allFailed (/home/abhimanyu/Projects/YQ/YQ Management/backend/node_modules/passport/lib/middleware/authenticate.js:110:18)\n    at attempt (/home/abhimanyu/Projects/YQ/YQ Management/backend/node_modules/passport/lib/middleware/authenticate.js:183:28)\n    at strategy.fail (/home/abhimanyu/Projects/YQ/YQ Management/backend/node_modules/passport/lib/middleware/authenticate.js:314:9)\n    at /home/abhimanyu/Projects/YQ/YQ Management/backend/node_modules/passport-jwt/lib/strategy.js:106:33\n    at /home/abhimanyu/Projects/YQ/YQ Management/backend/node_modules/jsonwebtoken/verify.js:190:16\n    at getSecret (/home/abhimanyu/Projects/YQ/YQ Management/backend/node_modules/jsonwebtoken/verify.js:97:14)\n    at module.exports [as verify] (/home/abhimanyu/Projects/YQ/YQ Management/backend/node_modules/jsonwebtoken/verify.js:101:10)",
    "name": "UnauthorizedException"
  }
}

{
  "timestamp": "2026-07-13T12:46:54.377Z",
  "path": "/auth/me",
  "method": "GET",
  "status": 401,
  "error": {
    "message": "Unauthorized",
    "stack": "UnauthorizedException: Unauthorized\n    at MixinAuthGuard.handleRequest (/home/abhimanyu/Projects/YQ/YQ Management/backend/node_modules/@nestjs/passport/dist/auth.guard.js:60:30)\n    at /home/abhimanyu/Projects/YQ/YQ Management/backend/node_modules/@nestjs/passport/dist/auth.guard.js:44:124\n    at /home/abhimanyu/Projects/YQ/YQ Management/backend/node_modules/@nestjs/passport/dist/auth.guard.js:83:24\n    at allFailed (/home/abhimanyu/Projects/YQ/YQ Management/backend/node_modules/passport/lib/middleware/authenticate.js:110:18)\n    at attempt (/home/abhimanyu/Projects/YQ/YQ Management/backend/node_modules/passport/lib/middleware/authenticate.js:183:28)\n    at strategy.fail (/home/abhimanyu/Projects/YQ/YQ Management/backend/node_modules/passport/lib/middleware/authenticate.js:314:9)\n    at /home/abhimanyu/Projects/YQ/YQ Management/backend/node_modules/passport-jwt/lib/strategy.js:106:33\n    at /home/abhimanyu/Projects/YQ/YQ Management/backend/node_modules/jsonwebtoken/verify.js:190:16\n    at getSecret (/home/abhimanyu/Projects/YQ/YQ Management/backend/node_modules/jsonwebtoken/verify.js:97:14)\n    at module.exports [as verify] (/home/abhimanyu/Projects/YQ/YQ Management/backend/node_modules/jsonwebtoken/verify.js:101:10)",
    "name": "UnauthorizedException"
  }
}

{
  "timestamp": "2026-07-13T12:46:54.427Z",
  "path": "/auth/me",
  "method": "GET",
  "status": 401,
  "error": {
    "message": "Unauthorized",
    "stack": "UnauthorizedException: Unauthorized\n    at MixinAuthGuard.handleRequest (/home/abhimanyu/Projects/YQ/YQ Management/backend/node_modules/@nestjs/passport/dist/auth.guard.js:60:30)\n    at /home/abhimanyu/Projects/YQ/YQ Management/backend/node_modules/@nestjs/passport/dist/auth.guard.js:44:124\n    at /home/abhimanyu/Projects/YQ/YQ Management/backend/node_modules/@nestjs/passport/dist/auth.guard.js:83:24\n    at allFailed (/home/abhimanyu/Projects/YQ/YQ Management/backend/node_modules/passport/lib/middleware/authenticate.js:110:18)\n    at attempt (/home/abhimanyu/Projects/YQ/YQ Management/backend/node_modules/passport/lib/middleware/authenticate.js:183:28)\n    at strategy.fail (/home/abhimanyu/Projects/YQ/YQ Management/backend/node_modules/passport/lib/middleware/authenticate.js:314:9)\n    at /home/abhimanyu/Projects/YQ/YQ Management/backend/node_modules/passport-jwt/lib/strategy.js:106:33\n    at /home/abhimanyu/Projects/YQ/YQ Management/backend/node_modules/jsonwebtoken/verify.js:190:16\n    at getSecret (/home/abhimanyu/Projects/YQ/YQ Management/backend/node_modules/jsonwebtoken/verify.js:97:14)\n    at module.exports [as verify] (/home/abhimanyu/Projects/YQ/YQ Management/backend/node_modules/jsonwebtoken/verify.js:101:10)",
    "name": "UnauthorizedException"
  }
}

{
  "timestamp": "2026-07-16T13:52:26.965Z",
  "path": "/auth/me",
  "method": "GET",
  "status": 401,
  "error": {
    "message": "Unauthorized",
    "stack": "UnauthorizedException: Unauthorized\n    at MixinAuthGuard.handleRequest (/home/abhimanyu/Projects/YQ/YQ Management/backend/node_modules/@nestjs/passport/dist/auth.guard.js:60:30)\n    at /home/abhimanyu/Projects/YQ/YQ Management/backend/node_modules/@nestjs/passport/dist/auth.guard.js:44:124\n    at /home/abhimanyu/Projects/YQ/YQ Management/backend/node_modules/@nestjs/passport/dist/auth.guard.js:83:24\n    at allFailed (/home/abhimanyu/Projects/YQ/YQ Management/backend/node_modules/passport/lib/middleware/authenticate.js:110:18)\n    at attempt (/home/abhimanyu/Projects/YQ/YQ Management/backend/node_modules/passport/lib/middleware/authenticate.js:183:28)\n    at strategy.fail (/home/abhimanyu/Projects/YQ/YQ Management/backend/node_modules/passport/lib/middleware/authenticate.js:314:9)\n    at JwtStrategy.authenticate (/home/abhimanyu/Projects/YQ/YQ Management/backend/node_modules/passport-jwt/lib/strategy.js:96:21)\n    at attempt (/home/abhimanyu/Projects/YQ/YQ Management/backend/node_modules/passport/lib/middleware/authenticate.js:378:16)\n    at authenticate (/home/abhimanyu/Projects/YQ/YQ Management/backend/node_modules/passport/lib/middleware/authenticate.js:379:7)\n    at /home/abhimanyu/Projects/YQ/YQ Management/backend/node_modules/@nestjs/passport/dist/auth.guard.js:88:3",
    "name": "UnauthorizedException"
  }
}

{
  "timestamp": "2026-07-16T13:52:38.177Z",
  "path": "/auth/me",
  "method": "GET",
  "status": 401,
  "error": {
    "message": "Unauthorized",
    "stack": "UnauthorizedException: Unauthorized\n    at MixinAuthGuard.handleRequest (/home/abhimanyu/Projects/YQ/YQ Management/backend/node_modules/@nestjs/passport/dist/auth.guard.js:60:30)\n    at /home/abhimanyu/Projects/YQ/YQ Management/backend/node_modules/@nestjs/passport/dist/auth.guard.js:44:124\n    at /home/abhimanyu/Projects/YQ/YQ Management/backend/node_modules/@nestjs/passport/dist/auth.guard.js:83:24\n    at allFailed (/home/abhimanyu/Projects/YQ/YQ Management/backend/node_modules/passport/lib/middleware/authenticate.js:110:18)\n    at attempt (/home/abhimanyu/Projects/YQ/YQ Management/backend/node_modules/passport/lib/middleware/authenticate.js:183:28)\n    at strategy.fail (/home/abhimanyu/Projects/YQ/YQ Management/backend/node_modules/passport/lib/middleware/authenticate.js:314:9)\n    at /home/abhimanyu/Projects/YQ/YQ Management/backend/node_modules/passport-jwt/lib/strategy.js:106:33\n    at /home/abhimanyu/Projects/YQ/YQ Management/backend/node_modules/jsonwebtoken/verify.js:190:16\n    at getSecret (/home/abhimanyu/Projects/YQ/YQ Management/backend/node_modules/jsonwebtoken/verify.js:97:14)\n    at module.exports [as verify] (/home/abhimanyu/Projects/YQ/YQ Management/backend/node_modules/jsonwebtoken/verify.js:101:10)",
    "name": "UnauthorizedException"
  }
}

{
  "timestamp": "2026-07-16T13:53:49.373Z",
  "path": "/auth/me",
  "method": "GET",
  "status": 401,
  "error": {
    "message": "Unauthorized",
    "stack": "UnauthorizedException: Unauthorized\n    at MixinAuthGuard.handleRequest (/home/abhimanyu/Projects/YQ/YQ Management/backend/node_modules/@nestjs/passport/dist/auth.guard.js:60:30)\n    at /home/abhimanyu/Projects/YQ/YQ Management/backend/node_modules/@nestjs/passport/dist/auth.guard.js:44:124\n    at /home/abhimanyu/Projects/YQ/YQ Management/backend/node_modules/@nestjs/passport/dist/auth.guard.js:83:24\n    at allFailed (/home/abhimanyu/Projects/YQ/YQ Management/backend/node_modules/passport/lib/middleware/authenticate.js:110:18)\n    at attempt (/home/abhimanyu/Projects/YQ/YQ Management/backend/node_modules/passport/lib/middleware/authenticate.js:183:28)\n    at strategy.fail (/home/abhimanyu/Projects/YQ/YQ Management/backend/node_modules/passport/lib/middleware/authenticate.js:314:9)\n    at /home/abhimanyu/Projects/YQ/YQ Management/backend/node_modules/passport-jwt/lib/strategy.js:106:33\n    at /home/abhimanyu/Projects/YQ/YQ Management/backend/node_modules/jsonwebtoken/verify.js:190:16\n    at getSecret (/home/abhimanyu/Projects/YQ/YQ Management/backend/node_modules/jsonwebtoken/verify.js:97:14)\n    at module.exports [as verify] (/home/abhimanyu/Projects/YQ/YQ Management/backend/node_modules/jsonwebtoken/verify.js:101:10)",
    "name": "UnauthorizedException"
  }
}

{
  "timestamp": "2026-07-16T14:54:32.683Z",
  "path": "/auth/me",
  "method": "GET",
  "status": 401,
  "error": {
    "message": "Unauthorized",
    "stack": "UnauthorizedException: Unauthorized\n    at MixinAuthGuard.handleRequest (/home/abhimanyu/Projects/YQ/YQ Management/backend/node_modules/@nestjs/passport/dist/auth.guard.js:60:30)\n    at /home/abhimanyu/Projects/YQ/YQ Management/backend/node_modules/@nestjs/passport/dist/auth.guard.js:44:124\n    at /home/abhimanyu/Projects/YQ/YQ Management/backend/node_modules/@nestjs/passport/dist/auth.guard.js:83:24\n    at allFailed (/home/abhimanyu/Projects/YQ/YQ Management/backend/node_modules/passport/lib/middleware/authenticate.js:110:18)\n    at attempt (/home/abhimanyu/Projects/YQ/YQ Management/backend/node_modules/passport/lib/middleware/authenticate.js:183:28)\n    at strategy.fail (/home/abhimanyu/Projects/YQ/YQ Management/backend/node_modules/passport/lib/middleware/authenticate.js:314:9)\n    at JwtStrategy.authenticate (/home/abhimanyu/Projects/YQ/YQ Management/backend/node_modules/passport-jwt/lib/strategy.js:96:21)\n    at attempt (/home/abhimanyu/Projects/YQ/YQ Management/backend/node_modules/passport/lib/middleware/authenticate.js:378:16)\n    at authenticate (/home/abhimanyu/Projects/YQ/YQ Management/backend/node_modules/passport/lib/middleware/authenticate.js:379:7)\n    at /home/abhimanyu/Projects/YQ/YQ Management/backend/node_modules/@nestjs/passport/dist/auth.guard.js:88:3",
    "name": "UnauthorizedException"
  }
}

{
  "timestamp": "2026-07-16T14:54:32.956Z",
  "path": "/auth/me",
  "method": "GET",
  "status": 401,
  "error": {
    "message": "Unauthorized",
    "stack": "UnauthorizedException: Unauthorized\n    at MixinAuthGuard.handleRequest (/home/abhimanyu/Projects/YQ/YQ Management/backend/node_modules/@nestjs/passport/dist/auth.guard.js:60:30)\n    at /home/abhimanyu/Projects/YQ/YQ Management/backend/node_modules/@nestjs/passport/dist/auth.guard.js:44:124\n    at /home/abhimanyu/Projects/YQ/YQ Management/backend/node_modules/@nestjs/passport/dist/auth.guard.js:83:24\n    at allFailed (/home/abhimanyu/Projects/YQ/YQ Management/backend/node_modules/passport/lib/middleware/authenticate.js:110:18)\n    at attempt (/home/abhimanyu/Projects/YQ/YQ Management/backend/node_modules/passport/lib/middleware/authenticate.js:183:28)\n    at strategy.fail (/home/abhimanyu/Projects/YQ/YQ Management/backend/node_modules/passport/lib/middleware/authenticate.js:314:9)\n    at JwtStrategy.authenticate (/home/abhimanyu/Projects/YQ/YQ Management/backend/node_modules/passport-jwt/lib/strategy.js:96:21)\n    at attempt (/home/abhimanyu/Projects/YQ/YQ Management/backend/node_modules/passport/lib/middleware/authenticate.js:378:16)\n    at authenticate (/home/abhimanyu/Projects/YQ/YQ Management/backend/node_modules/passport/lib/middleware/authenticate.js:379:7)\n    at /home/abhimanyu/Projects/YQ/YQ Management/backend/node_modules/@nestjs/passport/dist/auth.guard.js:88:3",
    "name": "UnauthorizedException"
  }
}

{
  "timestamp": "2026-07-16T14:54:33.100Z",
  "path": "/auth/login",
  "method": "POST",
  "status": 401,
  "error": {
    "message": "Invalid credentials",
    "stack": "UnauthorizedException: Invalid credentials\n    at AuthController.login (/home/abhimanyu/Projects/YQ/YQ Management/backend/src/auth/auth.controller.ts:20:13)\n    at process.processTicksAndRejections (node:internal/process/task_queues:104:5)\n    at async /home/abhimanyu/Projects/YQ/YQ Management/backend/node_modules/@nestjs/core/router/router-execution-context.js:47:62\n    at async /home/abhimanyu/Projects/YQ/YQ Management/backend/node_modules/@nestjs/core/router/router-proxy.js:9:17",
    "name": "UnauthorizedException"
  }
}

{
  "timestamp": "2026-07-16T14:54:33.332Z",
  "path": "/auth/me",
  "method": "GET",
  "status": 401,
  "error": {
    "message": "Unauthorized",
    "stack": "UnauthorizedException: Unauthorized\n    at MixinAuthGuard.handleRequest (/home/abhimanyu/Projects/YQ/YQ Management/backend/node_modules/@nestjs/passport/dist/auth.guard.js:60:30)\n    at /home/abhimanyu/Projects/YQ/YQ Management/backend/node_modules/@nestjs/passport/dist/auth.guard.js:44:124\n    at /home/abhimanyu/Projects/YQ/YQ Management/backend/node_modules/@nestjs/passport/dist/auth.guard.js:83:24\n    at allFailed (/home/abhimanyu/Projects/YQ/YQ Management/backend/node_modules/passport/lib/middleware/authenticate.js:110:18)\n    at attempt (/home/abhimanyu/Projects/YQ/YQ Management/backend/node_modules/passport/lib/middleware/authenticate.js:183:28)\n    at strategy.fail (/home/abhimanyu/Projects/YQ/YQ Management/backend/node_modules/passport/lib/middleware/authenticate.js:314:9)\n    at JwtStrategy.authenticate (/home/abhimanyu/Projects/YQ/YQ Management/backend/node_modules/passport-jwt/lib/strategy.js:96:21)\n    at attempt (/home/abhimanyu/Projects/YQ/YQ Management/backend/node_modules/passport/lib/middleware/authenticate.js:378:16)\n    at authenticate (/home/abhimanyu/Projects/YQ/YQ Management/backend/node_modules/passport/lib/middleware/authenticate.js:379:7)\n    at /home/abhimanyu/Projects/YQ/YQ Management/backend/node_modules/@nestjs/passport/dist/auth.guard.js:88:3",
    "name": "UnauthorizedException"
  }
}

{
  "timestamp": "2026-07-16T14:54:33.695Z",
  "path": "/auth/me",
  "method": "GET",
  "status": 401,
  "error": {
    "message": "Unauthorized",
    "stack": "UnauthorizedException: Unauthorized\n    at MixinAuthGuard.handleRequest (/home/abhimanyu/Projects/YQ/YQ Management/backend/node_modules/@nestjs/passport/dist/auth.guard.js:60:30)\n    at /home/abhimanyu/Projects/YQ/YQ Management/backend/node_modules/@nestjs/passport/dist/auth.guard.js:44:124\n    at /home/abhimanyu/Projects/YQ/YQ Management/backend/node_modules/@nestjs/passport/dist/auth.guard.js:83:24\n    at allFailed (/home/abhimanyu/Projects/YQ/YQ Management/backend/node_modules/passport/lib/middleware/authenticate.js:110:18)\n    at attempt (/home/abhimanyu/Projects/YQ/YQ Management/backend/node_modules/passport/lib/middleware/authenticate.js:183:28)\n    at strategy.fail (/home/abhimanyu/Projects/YQ/YQ Management/backend/node_modules/passport/lib/middleware/authenticate.js:314:9)\n    at JwtStrategy.authenticate (/home/abhimanyu/Projects/YQ/YQ Management/backend/node_modules/passport-jwt/lib/strategy.js:96:21)\n    at attempt (/home/abhimanyu/Projects/YQ/YQ Management/backend/node_modules/passport/lib/middleware/authenticate.js:378:16)\n    at authenticate (/home/abhimanyu/Projects/YQ/YQ Management/backend/node_modules/passport/lib/middleware/authenticate.js:379:7)\n    at /home/abhimanyu/Projects/YQ/YQ Management/backend/node_modules/@nestjs/passport/dist/auth.guard.js:88:3",
    "name": "UnauthorizedException"
  }
}

{
  "timestamp": "2026-07-16T14:54:34.105Z",
  "path": "/auth/me",
  "method": "GET",
  "status": 401,
  "error": {
    "message": "Unauthorized",
    "stack": "UnauthorizedException: Unauthorized\n    at MixinAuthGuard.handleRequest (/home/abhimanyu/Projects/YQ/YQ Management/backend/node_modules/@nestjs/passport/dist/auth.guard.js:60:30)\n    at /home/abhimanyu/Projects/YQ/YQ Management/backend/node_modules/@nestjs/passport/dist/auth.guard.js:44:124\n    at /home/abhimanyu/Projects/YQ/YQ Management/backend/node_modules/@nestjs/passport/dist/auth.guard.js:83:24\n    at allFailed (/home/abhimanyu/Projects/YQ/YQ Management/backend/node_modules/passport/lib/middleware/authenticate.js:110:18)\n    at attempt (/home/abhimanyu/Projects/YQ/YQ Management/backend/node_modules/passport/lib/middleware/authenticate.js:183:28)\n    at strategy.fail (/home/abhimanyu/Projects/YQ/YQ Management/backend/node_modules/passport/lib/middleware/authenticate.js:314:9)\n    at JwtStrategy.authenticate (/home/abhimanyu/Projects/YQ/YQ Management/backend/node_modules/passport-jwt/lib/strategy.js:96:21)\n    at attempt (/home/abhimanyu/Projects/YQ/YQ Management/backend/node_modules/passport/lib/middleware/authenticate.js:378:16)\n    at authenticate (/home/abhimanyu/Projects/YQ/YQ Management/backend/node_modules/passport/lib/middleware/authenticate.js:379:7)\n    at /home/abhimanyu/Projects/YQ/YQ Management/backend/node_modules/@nestjs/passport/dist/auth.guard.js:88:3",
    "name": "UnauthorizedException"
  }
}

{
  "timestamp": "2026-07-16T14:54:36.298Z",
  "path": "/auth/me",
  "method": "GET",
  "status": 401,
  "error": {
    "message": "Unauthorized",
    "stack": "UnauthorizedException: Unauthorized\n    at MixinAuthGuard.handleRequest (/home/abhimanyu/Projects/YQ/YQ Management/backend/node_modules/@nestjs/passport/dist/auth.guard.js:60:30)\n    at /home/abhimanyu/Projects/YQ/YQ Management/backend/node_modules/@nestjs/passport/dist/auth.guard.js:44:124\n    at /home/abhimanyu/Projects/YQ/YQ Management/backend/node_modules/@nestjs/passport/dist/auth.guard.js:83:24\n    at allFailed (/home/abhimanyu/Projects/YQ/YQ Management/backend/node_modules/passport/lib/middleware/authenticate.js:110:18)\n    at attempt (/home/abhimanyu/Projects/YQ/YQ Management/backend/node_modules/passport/lib/middleware/authenticate.js:183:28)\n    at strategy.fail (/home/abhimanyu/Projects/YQ/YQ Management/backend/node_modules/passport/lib/middleware/authenticate.js:314:9)\n    at JwtStrategy.authenticate (/home/abhimanyu/Projects/YQ/YQ Management/backend/node_modules/passport-jwt/lib/strategy.js:96:21)\n    at attempt (/home/abhimanyu/Projects/YQ/YQ Management/backend/node_modules/passport/lib/middleware/authenticate.js:378:16)\n    at authenticate (/home/abhimanyu/Projects/YQ/YQ Management/backend/node_modules/passport/lib/middleware/authenticate.js:379:7)\n    at /home/abhimanyu/Projects/YQ/YQ Management/backend/node_modules/@nestjs/passport/dist/auth.guard.js:88:3",
    "name": "UnauthorizedException"
  }
}

{
  "timestamp": "2026-07-16T14:54:36.424Z",
  "path": "/auth/login",
  "method": "POST",
  "status": 401,
  "error": {
    "message": "Invalid credentials",
    "stack": "UnauthorizedException: Invalid credentials\n    at AuthController.login (/home/abhimanyu/Projects/YQ/YQ Management/backend/src/auth/auth.controller.ts:20:13)\n    at process.processTicksAndRejections (node:internal/process/task_queues:104:5)\n    at async /home/abhimanyu/Projects/YQ/YQ Management/backend/node_modules/@nestjs/core/router/router-execution-context.js:47:62\n    at async /home/abhimanyu/Projects/YQ/YQ Management/backend/node_modules/@nestjs/core/router/router-proxy.js:9:17",
    "name": "UnauthorizedException"
  }
}

{
  "timestamp": "2026-07-16T14:54:39.780Z",
  "path": "/auth/me",
  "method": "GET",
  "status": 401,
  "error": {
    "message": "Unauthorized",
    "stack": "UnauthorizedException: Unauthorized\n    at MixinAuthGuard.handleRequest (/home/abhimanyu/Projects/YQ/YQ Management/backend/node_modules/@nestjs/passport/dist/auth.guard.js:60:30)\n    at /home/abhimanyu/Projects/YQ/YQ Management/backend/node_modules/@nestjs/passport/dist/auth.guard.js:44:124\n    at /home/abhimanyu/Projects/YQ/YQ Management/backend/node_modules/@nestjs/passport/dist/auth.guard.js:83:24\n    at allFailed (/home/abhimanyu/Projects/YQ/YQ Management/backend/node_modules/passport/lib/middleware/authenticate.js:110:18)\n    at attempt (/home/abhimanyu/Projects/YQ/YQ Management/backend/node_modules/passport/lib/middleware/authenticate.js:183:28)\n    at strategy.fail (/home/abhimanyu/Projects/YQ/YQ Management/backend/node_modules/passport/lib/middleware/authenticate.js:314:9)\n    at JwtStrategy.authenticate (/home/abhimanyu/Projects/YQ/YQ Management/backend/node_modules/passport-jwt/lib/strategy.js:96:21)\n    at attempt (/home/abhimanyu/Projects/YQ/YQ Management/backend/node_modules/passport/lib/middleware/authenticate.js:378:16)\n    at authenticate (/home/abhimanyu/Projects/YQ/YQ Management/backend/node_modules/passport/lib/middleware/authenticate.js:379:7)\n    at /home/abhimanyu/Projects/YQ/YQ Management/backend/node_modules/@nestjs/passport/dist/auth.guard.js:88:3",
    "name": "UnauthorizedException"
  }
}

{
  "timestamp": "2026-07-16T14:54:39.833Z",
  "path": "/auth/me",
  "method": "GET",
  "status": 401,
  "error": {
    "message": "Unauthorized",
    "stack": "UnauthorizedException: Unauthorized\n    at MixinAuthGuard.handleRequest (/home/abhimanyu/Projects/YQ/YQ Management/backend/node_modules/@nestjs/passport/dist/auth.guard.js:60:30)\n    at /home/abhimanyu/Projects/YQ/YQ Management/backend/node_modules/@nestjs/passport/dist/auth.guard.js:44:124\n    at /home/abhimanyu/Projects/YQ/YQ Management/backend/node_modules/@nestjs/passport/dist/auth.guard.js:83:24\n    at allFailed (/home/abhimanyu/Projects/YQ/YQ Management/backend/node_modules/passport/lib/middleware/authenticate.js:110:18)\n    at attempt (/home/abhimanyu/Projects/YQ/YQ Management/backend/node_modules/passport/lib/middleware/authenticate.js:183:28)\n    at strategy.fail (/home/abhimanyu/Projects/YQ/YQ Management/backend/node_modules/passport/lib/middleware/authenticate.js:314:9)\n    at JwtStrategy.authenticate (/home/abhimanyu/Projects/YQ/YQ Management/backend/node_modules/passport-jwt/lib/strategy.js:96:21)\n    at attempt (/home/abhimanyu/Projects/YQ/YQ Management/backend/node_modules/passport/lib/middleware/authenticate.js:378:16)\n    at authenticate (/home/abhimanyu/Projects/YQ/YQ Management/backend/node_modules/passport/lib/middleware/authenticate.js:379:7)\n    at /home/abhimanyu/Projects/YQ/YQ Management/backend/node_modules/@nestjs/passport/dist/auth.guard.js:88:3",
    "name": "UnauthorizedException"
  }
}

{
  "timestamp": "2026-07-16T17:09:27.652Z",
  "path": "/auth/me",
  "method": "GET",
  "status": 401,
  "error": {
    "message": "Unauthorized",
    "stack": "UnauthorizedException: Unauthorized\n    at MixinAuthGuard.handleRequest (/home/abhimanyu/Projects/YQ/YQ Management/backend/node_modules/@nestjs/passport/dist/auth.guard.js:60:30)\n    at /home/abhimanyu/Projects/YQ/YQ Management/backend/node_modules/@nestjs/passport/dist/auth.guard.js:44:124\n    at /home/abhimanyu/Projects/YQ/YQ Management/backend/node_modules/@nestjs/passport/dist/auth.guard.js:83:24\n    at allFailed (/home/abhimanyu/Projects/YQ/YQ Management/backend/node_modules/passport/lib/middleware/authenticate.js:110:18)\n    at attempt (/home/abhimanyu/Projects/YQ/YQ Management/backend/node_modules/passport/lib/middleware/authenticate.js:183:28)\n    at strategy.fail (/home/abhimanyu/Projects/YQ/YQ Management/backend/node_modules/passport/lib/middleware/authenticate.js:314:9)\n    at JwtStrategy.authenticate (/home/abhimanyu/Projects/YQ/YQ Management/backend/node_modules/passport-jwt/lib/strategy.js:96:21)\n    at attempt (/home/abhimanyu/Projects/YQ/YQ Management/backend/node_modules/passport/lib/middleware/authenticate.js:378:16)\n    at authenticate (/home/abhimanyu/Projects/YQ/YQ Management/backend/node_modules/passport/lib/middleware/authenticate.js:379:7)\n    at /home/abhimanyu/Projects/YQ/YQ Management/backend/node_modules/@nestjs/passport/dist/auth.guard.js:88:3",
    "name": "UnauthorizedException"
  }
}

{
  "timestamp": "2026-07-16T17:09:45.077Z",
  "path": "/auth/me",
  "method": "GET",
  "status": 401,
  "error": {
    "message": "Unauthorized",
    "stack": "UnauthorizedException: Unauthorized\n    at MixinAuthGuard.handleRequest (/home/abhimanyu/Projects/YQ/YQ Management/backend/node_modules/@nestjs/passport/dist/auth.guard.js:60:30)\n    at /home/abhimanyu/Projects/YQ/YQ Management/backend/node_modules/@nestjs/passport/dist/auth.guard.js:44:124\n    at /home/abhimanyu/Projects/YQ/YQ Management/backend/node_modules/@nestjs/passport/dist/auth.guard.js:83:24\n    at allFailed (/home/abhimanyu/Projects/YQ/YQ Management/backend/node_modules/passport/lib/middleware/authenticate.js:110:18)\n    at attempt (/home/abhimanyu/Projects/YQ/YQ Management/backend/node_modules/passport/lib/middleware/authenticate.js:183:28)\n    at strategy.fail (/home/abhimanyu/Projects/YQ/YQ Management/backend/node_modules/passport/lib/middleware/authenticate.js:314:9)\n    at JwtStrategy.authenticate (/home/abhimanyu/Projects/YQ/YQ Management/backend/node_modules/passport-jwt/lib/strategy.js:96:21)\n    at attempt (/home/abhimanyu/Projects/YQ/YQ Management/backend/node_modules/passport/lib/middleware/authenticate.js:378:16)\n    at authenticate (/home/abhimanyu/Projects/YQ/YQ Management/backend/node_modules/passport/lib/middleware/authenticate.js:379:7)\n    at /home/abhimanyu/Projects/YQ/YQ Management/backend/node_modules/@nestjs/passport/dist/auth.guard.js:88:3",
    "name": "UnauthorizedException"
  }
}

{
  "timestamp": "2026-07-16T17:10:02.330Z",
  "path": "/auth/me",
  "method": "GET",
  "status": 401,
  "error": {
    "message": "Unauthorized",
    "stack": "UnauthorizedException: Unauthorized\n    at MixinAuthGuard.handleRequest (/home/abhimanyu/Projects/YQ/YQ Management/backend/node_modules/@nestjs/passport/dist/auth.guard.js:60:30)\n    at /home/abhimanyu/Projects/YQ/YQ Management/backend/node_modules/@nestjs/passport/dist/auth.guard.js:44:124\n    at /home/abhimanyu/Projects/YQ/YQ Management/backend/node_modules/@nestjs/passport/dist/auth.guard.js:83:24\n    at allFailed (/home/abhimanyu/Projects/YQ/YQ Management/backend/node_modules/passport/lib/middleware/authenticate.js:110:18)\n    at attempt (/home/abhimanyu/Projects/YQ/YQ Management/backend/node_modules/passport/lib/middleware/authenticate.js:183:28)\n    at strategy.fail (/home/abhimanyu/Projects/YQ/YQ Management/backend/node_modules/passport/lib/middleware/authenticate.js:314:9)\n    at JwtStrategy.authenticate (/home/abhimanyu/Projects/YQ/YQ Management/backend/node_modules/passport-jwt/lib/strategy.js:96:21)\n    at attempt (/home/abhimanyu/Projects/YQ/YQ Management/backend/node_modules/passport/lib/middleware/authenticate.js:378:16)\n    at authenticate (/home/abhimanyu/Projects/YQ/YQ Management/backend/node_modules/passport/lib/middleware/authenticate.js:379:7)\n    at /home/abhimanyu/Projects/YQ/YQ Management/backend/node_modules/@nestjs/passport/dist/auth.guard.js:88:3",
    "name": "UnauthorizedException"
  }
}

{
  "timestamp": "2026-07-16T17:10:19.428Z",
  "path": "/auth/me",
  "method": "GET",
  "status": 401,
  "error": {
    "message": "Unauthorized",
    "stack": "UnauthorizedException: Unauthorized\n    at MixinAuthGuard.handleRequest (/home/abhimanyu/Projects/YQ/YQ Management/backend/node_modules/@nestjs/passport/dist/auth.guard.js:60:30)\n    at /home/abhimanyu/Projects/YQ/YQ Management/backend/node_modules/@nestjs/passport/dist/auth.guard.js:44:124\n    at /home/abhimanyu/Projects/YQ/YQ Management/backend/node_modules/@nestjs/passport/dist/auth.guard.js:83:24\n    at allFailed (/home/abhimanyu/Projects/YQ/YQ Management/backend/node_modules/passport/lib/middleware/authenticate.js:110:18)\n    at attempt (/home/abhimanyu/Projects/YQ/YQ Management/backend/node_modules/passport/lib/middleware/authenticate.js:183:28)\n    at strategy.fail (/home/abhimanyu/Projects/YQ/YQ Management/backend/node_modules/passport/lib/middleware/authenticate.js:314:9)\n    at JwtStrategy.authenticate (/home/abhimanyu/Projects/YQ/YQ Management/backend/node_modules/passport-jwt/lib/strategy.js:96:21)\n    at attempt (/home/abhimanyu/Projects/YQ/YQ Management/backend/node_modules/passport/lib/middleware/authenticate.js:378:16)\n    at authenticate (/home/abhimanyu/Projects/YQ/YQ Management/backend/node_modules/passport/lib/middleware/authenticate.js:379:7)\n    at /home/abhimanyu/Projects/YQ/YQ Management/backend/node_modules/@nestjs/passport/dist/auth.guard.js:88:3",
    "name": "UnauthorizedException"
  }
}

{
  "timestamp": "2026-07-16T17:10:36.551Z",
  "path": "/auth/me",
  "method": "GET",
  "status": 401,
  "error": {
    "message": "Unauthorized",
    "stack": "UnauthorizedException: Unauthorized\n    at MixinAuthGuard.handleRequest (/home/abhimanyu/Projects/YQ/YQ Management/backend/node_modules/@nestjs/passport/dist/auth.guard.js:60:30)\n    at /home/abhimanyu/Projects/YQ/YQ Management/backend/node_modules/@nestjs/passport/dist/auth.guard.js:44:124\n    at /home/abhimanyu/Projects/YQ/YQ Management/backend/node_modules/@nestjs/passport/dist/auth.guard.js:83:24\n    at allFailed (/home/abhimanyu/Projects/YQ/YQ Management/backend/node_modules/passport/lib/middleware/authenticate.js:110:18)\n    at attempt (/home/abhimanyu/Projects/YQ/YQ Management/backend/node_modules/passport/lib/middleware/authenticate.js:183:28)\n    at strategy.fail (/home/abhimanyu/Projects/YQ/YQ Management/backend/node_modules/passport/lib/middleware/authenticate.js:314:9)\n    at JwtStrategy.authenticate (/home/abhimanyu/Projects/YQ/YQ Management/backend/node_modules/passport-jwt/lib/strategy.js:96:21)\n    at attempt (/home/abhimanyu/Projects/YQ/YQ Management/backend/node_modules/passport/lib/middleware/authenticate.js:378:16)\n    at authenticate (/home/abhimanyu/Projects/YQ/YQ Management/backend/node_modules/passport/lib/middleware/authenticate.js:379:7)\n    at /home/abhimanyu/Projects/YQ/YQ Management/backend/node_modules/@nestjs/passport/dist/auth.guard.js:88:3",
    "name": "UnauthorizedException"
  }
}

{
  "timestamp": "2026-07-16T17:10:53.792Z",
  "path": "/auth/me",
  "method": "GET",
  "status": 401,
  "error": {
    "message": "Unauthorized",
    "stack": "UnauthorizedException: Unauthorized\n    at MixinAuthGuard.handleRequest (/home/abhimanyu/Projects/YQ/YQ Management/backend/node_modules/@nestjs/passport/dist/auth.guard.js:60:30)\n    at /home/abhimanyu/Projects/YQ/YQ Management/backend/node_modules/@nestjs/passport/dist/auth.guard.js:44:124\n    at /home/abhimanyu/Projects/YQ/YQ Management/backend/node_modules/@nestjs/passport/dist/auth.guard.js:83:24\n    at allFailed (/home/abhimanyu/Projects/YQ/YQ Management/backend/node_modules/passport/lib/middleware/authenticate.js:110:18)\n    at attempt (/home/abhimanyu/Projects/YQ/YQ Management/backend/node_modules/passport/lib/middleware/authenticate.js:183:28)\n    at strategy.fail (/home/abhimanyu/Projects/YQ/YQ Management/backend/node_modules/passport/lib/middleware/authenticate.js:314:9)\n    at JwtStrategy.authenticate (/home/abhimanyu/Projects/YQ/YQ Management/backend/node_modules/passport-jwt/lib/strategy.js:96:21)\n    at attempt (/home/abhimanyu/Projects/YQ/YQ Management/backend/node_modules/passport/lib/middleware/authenticate.js:378:16)\n    at authenticate (/home/abhimanyu/Projects/YQ/YQ Management/backend/node_modules/passport/lib/middleware/authenticate.js:379:7)\n    at /home/abhimanyu/Projects/YQ/YQ Management/backend/node_modules/@nestjs/passport/dist/auth.guard.js:88:3",
    "name": "UnauthorizedException"
  }
}

{
  "timestamp": "2026-07-16T17:12:39.433Z",
  "path": "/auth/me",
  "method": "GET",
  "status": 401,
  "error": {
    "message": "Unauthorized",
    "stack": "UnauthorizedException: Unauthorized\n    at MixinAuthGuard.handleRequest (/home/abhimanyu/Projects/YQ/YQ Management/backend/node_modules/@nestjs/passport/dist/auth.guard.js:60:30)\n    at /home/abhimanyu/Projects/YQ/YQ Management/backend/node_modules/@nestjs/passport/dist/auth.guard.js:44:124\n    at /home/abhimanyu/Projects/YQ/YQ Management/backend/node_modules/@nestjs/passport/dist/auth.guard.js:83:24\n    at allFailed (/home/abhimanyu/Projects/YQ/YQ Management/backend/node_modules/passport/lib/middleware/authenticate.js:110:18)\n    at attempt (/home/abhimanyu/Projects/YQ/YQ Management/backend/node_modules/passport/lib/middleware/authenticate.js:183:28)\n    at strategy.fail (/home/abhimanyu/Projects/YQ/YQ Management/backend/node_modules/passport/lib/middleware/authenticate.js:314:9)\n    at JwtStrategy.authenticate (/home/abhimanyu/Projects/YQ/YQ Management/backend/node_modules/passport-jwt/lib/strategy.js:96:21)\n    at attempt (/home/abhimanyu/Projects/YQ/YQ Management/backend/node_modules/passport/lib/middleware/authenticate.js:378:16)\n    at authenticate (/home/abhimanyu/Projects/YQ/YQ Management/backend/node_modules/passport/lib/middleware/authenticate.js:379:7)\n    at /home/abhimanyu/Projects/YQ/YQ Management/backend/node_modules/@nestjs/passport/dist/auth.guard.js:88:3",
    "name": "UnauthorizedException"
  }
}

{
  "timestamp": "2026-07-16T17:12:59.238Z",
  "path": "/auth/me",
  "method": "GET",
  "status": 401,
  "error": {
    "message": "Unauthorized",
    "stack": "UnauthorizedException: Unauthorized\n    at MixinAuthGuard.handleRequest (/home/abhimanyu/Projects/YQ/YQ Management/backend/node_modules/@nestjs/passport/dist/auth.guard.js:60:30)\n    at /home/abhimanyu/Projects/YQ/YQ Management/backend/node_modules/@nestjs/passport/dist/auth.guard.js:44:124\n    at /home/abhimanyu/Projects/YQ/YQ Management/backend/node_modules/@nestjs/passport/dist/auth.guard.js:83:24\n    at allFailed (/home/abhimanyu/Projects/YQ/YQ Management/backend/node_modules/passport/lib/middleware/authenticate.js:110:18)\n    at attempt (/home/abhimanyu/Projects/YQ/YQ Management/backend/node_modules/passport/lib/middleware/authenticate.js:183:28)\n    at strategy.fail (/home/abhimanyu/Projects/YQ/YQ Management/backend/node_modules/passport/lib/middleware/authenticate.js:314:9)\n    at JwtStrategy.authenticate (/home/abhimanyu/Projects/YQ/YQ Management/backend/node_modules/passport-jwt/lib/strategy.js:96:21)\n    at attempt (/home/abhimanyu/Projects/YQ/YQ Management/backend/node_modules/passport/lib/middleware/authenticate.js:378:16)\n    at authenticate (/home/abhimanyu/Projects/YQ/YQ Management/backend/node_modules/passport/lib/middleware/authenticate.js:379:7)\n    at /home/abhimanyu/Projects/YQ/YQ Management/backend/node_modules/@nestjs/passport/dist/auth.guard.js:88:3",
    "name": "UnauthorizedException"
  }
}

{
  "timestamp": "2026-07-16T17:13:19.339Z",
  "path": "/auth/me",
  "method": "GET",
  "status": 401,
  "error": {
    "message": "Unauthorized",
    "stack": "UnauthorizedException: Unauthorized\n    at MixinAuthGuard.handleRequest (/home/abhimanyu/Projects/YQ/YQ Management/backend/node_modules/@nestjs/passport/dist/auth.guard.js:60:30)\n    at /home/abhimanyu/Projects/YQ/YQ Management/backend/node_modules/@nestjs/passport/dist/auth.guard.js:44:124\n    at /home/abhimanyu/Projects/YQ/YQ Management/backend/node_modules/@nestjs/passport/dist/auth.guard.js:83:24\n    at allFailed (/home/abhimanyu/Projects/YQ/YQ Management/backend/node_modules/passport/lib/middleware/authenticate.js:110:18)\n    at attempt (/home/abhimanyu/Projects/YQ/YQ Management/backend/node_modules/passport/lib/middleware/authenticate.js:183:28)\n    at strategy.fail (/home/abhimanyu/Projects/YQ/YQ Management/backend/node_modules/passport/lib/middleware/authenticate.js:314:9)\n    at JwtStrategy.authenticate (/home/abhimanyu/Projects/YQ/YQ Management/backend/node_modules/passport-jwt/lib/strategy.js:96:21)\n    at attempt (/home/abhimanyu/Projects/YQ/YQ Management/backend/node_modules/passport/lib/middleware/authenticate.js:378:16)\n    at authenticate (/home/abhimanyu/Projects/YQ/YQ Management/backend/node_modules/passport/lib/middleware/authenticate.js:379:7)\n    at /home/abhimanyu/Projects/YQ/YQ Management/backend/node_modules/@nestjs/passport/dist/auth.guard.js:88:3",
    "name": "UnauthorizedException"
  }
}

{
  "timestamp": "2026-07-16T17:13:38.988Z",
  "path": "/auth/me",
  "method": "GET",
  "status": 401,
  "error": {
    "message": "Unauthorized",
    "stack": "UnauthorizedException: Unauthorized\n    at MixinAuthGuard.handleRequest (/home/abhimanyu/Projects/YQ/YQ Management/backend/node_modules/@nestjs/passport/dist/auth.guard.js:60:30)\n    at /home/abhimanyu/Projects/YQ/YQ Management/backend/node_modules/@nestjs/passport/dist/auth.guard.js:44:124\n    at /home/abhimanyu/Projects/YQ/YQ Management/backend/node_modules/@nestjs/passport/dist/auth.guard.js:83:24\n    at allFailed (/home/abhimanyu/Projects/YQ/YQ Management/backend/node_modules/passport/lib/middleware/authenticate.js:110:18)\n    at attempt (/home/abhimanyu/Projects/YQ/YQ Management/backend/node_modules/passport/lib/middleware/authenticate.js:183:28)\n    at strategy.fail (/home/abhimanyu/Projects/YQ/YQ Management/backend/node_modules/passport/lib/middleware/authenticate.js:314:9)\n    at JwtStrategy.authenticate (/home/abhimanyu/Projects/YQ/YQ Management/backend/node_modules/passport-jwt/lib/strategy.js:96:21)\n    at attempt (/home/abhimanyu/Projects/YQ/YQ Management/backend/node_modules/passport/lib/middleware/authenticate.js:378:16)\n    at authenticate (/home/abhimanyu/Projects/YQ/YQ Management/backend/node_modules/passport/lib/middleware/authenticate.js:379:7)\n    at /home/abhimanyu/Projects/YQ/YQ Management/backend/node_modules/@nestjs/passport/dist/auth.guard.js:88:3",
    "name": "UnauthorizedException"
  }
}

{
  "timestamp": "2026-07-16T17:13:58.783Z",
  "path": "/auth/me",
  "method": "GET",
  "status": 401,
  "error": {
    "message": "Unauthorized",
    "stack": "UnauthorizedException: Unauthorized\n    at MixinAuthGuard.handleRequest (/home/abhimanyu/Projects/YQ/YQ Management/backend/node_modules/@nestjs/passport/dist/auth.guard.js:60:30)\n    at /home/abhimanyu/Projects/YQ/YQ Management/backend/node_modules/@nestjs/passport/dist/auth.guard.js:44:124\n    at /home/abhimanyu/Projects/YQ/YQ Management/backend/node_modules/@nestjs/passport/dist/auth.guard.js:83:24\n    at allFailed (/home/abhimanyu/Projects/YQ/YQ Management/backend/node_modules/passport/lib/middleware/authenticate.js:110:18)\n    at attempt (/home/abhimanyu/Projects/YQ/YQ Management/backend/node_modules/passport/lib/middleware/authenticate.js:183:28)\n    at strategy.fail (/home/abhimanyu/Projects/YQ/YQ Management/backend/node_modules/passport/lib/middleware/authenticate.js:314:9)\n    at JwtStrategy.authenticate (/home/abhimanyu/Projects/YQ/YQ Management/backend/node_modules/passport-jwt/lib/strategy.js:96:21)\n    at attempt (/home/abhimanyu/Projects/YQ/YQ Management/backend/node_modules/passport/lib/middleware/authenticate.js:378:16)\n    at authenticate (/home/abhimanyu/Projects/YQ/YQ Management/backend/node_modules/passport/lib/middleware/authenticate.js:379:7)\n    at /home/abhimanyu/Projects/YQ/YQ Management/backend/node_modules/@nestjs/passport/dist/auth.guard.js:88:3",
    "name": "UnauthorizedException"
  }
}

{
  "timestamp": "2026-07-16T17:14:19.028Z",
  "path": "/auth/me",
  "method": "GET",
  "status": 401,
  "error": {
    "message": "Unauthorized",
    "stack": "UnauthorizedException: Unauthorized\n    at MixinAuthGuard.handleRequest (/home/abhimanyu/Projects/YQ/YQ Management/backend/node_modules/@nestjs/passport/dist/auth.guard.js:60:30)\n    at /home/abhimanyu/Projects/YQ/YQ Management/backend/node_modules/@nestjs/passport/dist/auth.guard.js:44:124\n    at /home/abhimanyu/Projects/YQ/YQ Management/backend/node_modules/@nestjs/passport/dist/auth.guard.js:83:24\n    at allFailed (/home/abhimanyu/Projects/YQ/YQ Management/backend/node_modules/passport/lib/middleware/authenticate.js:110:18)\n    at attempt (/home/abhimanyu/Projects/YQ/YQ Management/backend/node_modules/passport/lib/middleware/authenticate.js:183:28)\n    at strategy.fail (/home/abhimanyu/Projects/YQ/YQ Management/backend/node_modules/passport/lib/middleware/authenticate.js:314:9)\n    at JwtStrategy.authenticate (/home/abhimanyu/Projects/YQ/YQ Management/backend/node_modules/passport-jwt/lib/strategy.js:96:21)\n    at attempt (/home/abhimanyu/Projects/YQ/YQ Management/backend/node_modules/passport/lib/middleware/authenticate.js:378:16)\n    at authenticate (/home/abhimanyu/Projects/YQ/YQ Management/backend/node_modules/passport/lib/middleware/authenticate.js:379:7)\n    at /home/abhimanyu/Projects/YQ/YQ Management/backend/node_modules/@nestjs/passport/dist/auth.guard.js:88:3",
    "name": "UnauthorizedException"
  }
}

{
  "timestamp": "2026-07-16T17:15:23.412Z",
  "path": "/auth/me",
  "method": "GET",
  "status": 401,
  "error": {
    "message": "Unauthorized",
    "stack": "UnauthorizedException: Unauthorized\n    at MixinAuthGuard.handleRequest (/home/abhimanyu/Projects/YQ/YQ Management/backend/node_modules/@nestjs/passport/dist/auth.guard.js:60:30)\n    at /home/abhimanyu/Projects/YQ/YQ Management/backend/node_modules/@nestjs/passport/dist/auth.guard.js:44:124\n    at /home/abhimanyu/Projects/YQ/YQ Management/backend/node_modules/@nestjs/passport/dist/auth.guard.js:83:24\n    at allFailed (/home/abhimanyu/Projects/YQ/YQ Management/backend/node_modules/passport/lib/middleware/authenticate.js:110:18)\n    at attempt (/home/abhimanyu/Projects/YQ/YQ Management/backend/node_modules/passport/lib/middleware/authenticate.js:183:28)\n    at strategy.fail (/home/abhimanyu/Projects/YQ/YQ Management/backend/node_modules/passport/lib/middleware/authenticate.js:314:9)\n    at JwtStrategy.authenticate (/home/abhimanyu/Projects/YQ/YQ Management/backend/node_modules/passport-jwt/lib/strategy.js:96:21)\n    at attempt (/home/abhimanyu/Projects/YQ/YQ Management/backend/node_modules/passport/lib/middleware/authenticate.js:378:16)\n    at authenticate (/home/abhimanyu/Projects/YQ/YQ Management/backend/node_modules/passport/lib/middleware/authenticate.js:379:7)\n    at /home/abhimanyu/Projects/YQ/YQ Management/backend/node_modules/@nestjs/passport/dist/auth.guard.js:88:3",
    "name": "UnauthorizedException"
  }
}

{
  "timestamp": "2026-07-16T17:15:24.208Z",
  "path": "/whatsapp/status",
  "method": "GET",
  "status": 401,
  "error": {
    "message": "Unauthorized",
    "stack": "UnauthorizedException: Unauthorized\n    at MixinAuthGuard.handleRequest (/home/abhimanyu/Projects/YQ/YQ Management/backend/node_modules/@nestjs/passport/dist/auth.guard.js:60:30)\n    at /home/abhimanyu/Projects/YQ/YQ Management/backend/node_modules/@nestjs/passport/dist/auth.guard.js:44:124\n    at /home/abhimanyu/Projects/YQ/YQ Management/backend/node_modules/@nestjs/passport/dist/auth.guard.js:83:24\n    at allFailed (/home/abhimanyu/Projects/YQ/YQ Management/backend/node_modules/passport/lib/middleware/authenticate.js:110:18)\n    at attempt (/home/abhimanyu/Projects/YQ/YQ Management/backend/node_modules/passport/lib/middleware/authenticate.js:183:28)\n    at strategy.fail (/home/abhimanyu/Projects/YQ/YQ Management/backend/node_modules/passport/lib/middleware/authenticate.js:314:9)\n    at JwtStrategy.authenticate (/home/abhimanyu/Projects/YQ/YQ Management/backend/node_modules/passport-jwt/lib/strategy.js:96:21)\n    at attempt (/home/abhimanyu/Projects/YQ/YQ Management/backend/node_modules/passport/lib/middleware/authenticate.js:378:16)\n    at authenticate (/home/abhimanyu/Projects/YQ/YQ Management/backend/node_modules/passport/lib/middleware/authenticate.js:379:7)\n    at /home/abhimanyu/Projects/YQ/YQ Management/backend/node_modules/@nestjs/passport/dist/auth.guard.js:88:3",
    "name": "UnauthorizedException"
  }
}

{
  "timestamp": "2026-07-16T17:15:24.225Z",
  "path": "/auth/me",
  "method": "GET",
  "status": 401,
  "error": {
    "message": "Unauthorized",
    "stack": "UnauthorizedException: Unauthorized\n    at MixinAuthGuard.handleRequest (/home/abhimanyu/Projects/YQ/YQ Management/backend/node_modules/@nestjs/passport/dist/auth.guard.js:60:30)\n    at /home/abhimanyu/Projects/YQ/YQ Management/backend/node_modules/@nestjs/passport/dist/auth.guard.js:44:124\n    at /home/abhimanyu/Projects/YQ/YQ Management/backend/node_modules/@nestjs/passport/dist/auth.guard.js:83:24\n    at allFailed (/home/abhimanyu/Projects/YQ/YQ Management/backend/node_modules/passport/lib/middleware/authenticate.js:110:18)\n    at attempt (/home/abhimanyu/Projects/YQ/YQ Management/backend/node_modules/passport/lib/middleware/authenticate.js:183:28)\n    at strategy.fail (/home/abhimanyu/Projects/YQ/YQ Management/backend/node_modules/passport/lib/middleware/authenticate.js:314:9)\n    at JwtStrategy.authenticate (/home/abhimanyu/Projects/YQ/YQ Management/backend/node_modules/passport-jwt/lib/strategy.js:96:21)\n    at attempt (/home/abhimanyu/Projects/YQ/YQ Management/backend/node_modules/passport/lib/middleware/authenticate.js:378:16)\n    at authenticate (/home/abhimanyu/Projects/YQ/YQ Management/backend/node_modules/passport/lib/middleware/authenticate.js:379:7)\n    at /home/abhimanyu/Projects/YQ/YQ Management/backend/node_modules/@nestjs/passport/dist/auth.guard.js:88:3",
    "name": "UnauthorizedException"
  }
}

{
  "timestamp": "2026-07-16T17:15:24.243Z",
  "path": "/queue",
  "method": "GET",
  "status": 401,
  "error": {
    "message": "Unauthorized",
    "stack": "UnauthorizedException: Unauthorized\n    at MixinAuthGuard.handleRequest (/home/abhimanyu/Projects/YQ/YQ Management/backend/node_modules/@nestjs/passport/dist/auth.guard.js:60:30)\n    at /home/abhimanyu/Projects/YQ/YQ Management/backend/node_modules/@nestjs/passport/dist/auth.guard.js:44:124\n    at /home/abhimanyu/Projects/YQ/YQ Management/backend/node_modules/@nestjs/passport/dist/auth.guard.js:83:24\n    at allFailed (/home/abhimanyu/Projects/YQ/YQ Management/backend/node_modules/passport/lib/middleware/authenticate.js:110:18)\n    at attempt (/home/abhimanyu/Projects/YQ/YQ Management/backend/node_modules/passport/lib/middleware/authenticate.js:183:28)\n    at strategy.fail (/home/abhimanyu/Projects/YQ/YQ Management/backend/node_modules/passport/lib/middleware/authenticate.js:314:9)\n    at JwtStrategy.authenticate (/home/abhimanyu/Projects/YQ/YQ Management/backend/node_modules/passport-jwt/lib/strategy.js:96:21)\n    at attempt (/home/abhimanyu/Projects/YQ/YQ Management/backend/node_modules/passport/lib/middleware/authenticate.js:378:16)\n    at authenticate (/home/abhimanyu/Projects/YQ/YQ Management/backend/node_modules/passport/lib/middleware/authenticate.js:379:7)\n    at /home/abhimanyu/Projects/YQ/YQ Management/backend/node_modules/@nestjs/passport/dist/auth.guard.js:88:3",
    "name": "UnauthorizedException"
  }
}

{
  "timestamp": "2026-07-16T17:15:24.324Z",
  "path": "/auth/me",
  "method": "GET",
  "status": 401,
  "error": {
    "message": "Unauthorized",
    "stack": "UnauthorizedException: Unauthorized\n    at MixinAuthGuard.handleRequest (/home/abhimanyu/Projects/YQ/YQ Management/backend/node_modules/@nestjs/passport/dist/auth.guard.js:60:30)\n    at /home/abhimanyu/Projects/YQ/YQ Management/backend/node_modules/@nestjs/passport/dist/auth.guard.js:44:124\n    at /home/abhimanyu/Projects/YQ/YQ Management/backend/node_modules/@nestjs/passport/dist/auth.guard.js:83:24\n    at allFailed (/home/abhimanyu/Projects/YQ/YQ Management/backend/node_modules/passport/lib/middleware/authenticate.js:110:18)\n    at attempt (/home/abhimanyu/Projects/YQ/YQ Management/backend/node_modules/passport/lib/middleware/authenticate.js:183:28)\n    at strategy.fail (/home/abhimanyu/Projects/YQ/YQ Management/backend/node_modules/passport/lib/middleware/authenticate.js:314:9)\n    at JwtStrategy.authenticate (/home/abhimanyu/Projects/YQ/YQ Management/backend/node_modules/passport-jwt/lib/strategy.js:96:21)\n    at attempt (/home/abhimanyu/Projects/YQ/YQ Management/backend/node_modules/passport/lib/middleware/authenticate.js:378:16)\n    at authenticate (/home/abhimanyu/Projects/YQ/YQ Management/backend/node_modules/passport/lib/middleware/authenticate.js:379:7)\n    at /home/abhimanyu/Projects/YQ/YQ Management/backend/node_modules/@nestjs/passport/dist/auth.guard.js:88:3",
    "name": "UnauthorizedException"
  }
}

{
  "timestamp": "2026-07-16T17:15:43.664Z",
  "path": "/auth/me",
  "method": "GET",
  "status": 401,
  "error": {
    "message": "Unauthorized",
    "stack": "UnauthorizedException: Unauthorized\n    at MixinAuthGuard.handleRequest (/home/abhimanyu/Projects/YQ/YQ Management/backend/node_modules/@nestjs/passport/dist/auth.guard.js:60:30)\n    at /home/abhimanyu/Projects/YQ/YQ Management/backend/node_modules/@nestjs/passport/dist/auth.guard.js:44:124\n    at /home/abhimanyu/Projects/YQ/YQ Management/backend/node_modules/@nestjs/passport/dist/auth.guard.js:83:24\n    at allFailed (/home/abhimanyu/Projects/YQ/YQ Management/backend/node_modules/passport/lib/middleware/authenticate.js:110:18)\n    at attempt (/home/abhimanyu/Projects/YQ/YQ Management/backend/node_modules/passport/lib/middleware/authenticate.js:183:28)\n    at strategy.fail (/home/abhimanyu/Projects/YQ/YQ Management/backend/node_modules/passport/lib/middleware/authenticate.js:314:9)\n    at JwtStrategy.authenticate (/home/abhimanyu/Projects/YQ/YQ Management/backend/node_modules/passport-jwt/lib/strategy.js:96:21)\n    at attempt (/home/abhimanyu/Projects/YQ/YQ Management/backend/node_modules/passport/lib/middleware/authenticate.js:378:16)\n    at authenticate (/home/abhimanyu/Projects/YQ/YQ Management/backend/node_modules/passport/lib/middleware/authenticate.js:379:7)\n    at /home/abhimanyu/Projects/YQ/YQ Management/backend/node_modules/@nestjs/passport/dist/auth.guard.js:88:3",
    "name": "UnauthorizedException"
  }
}

{
  "timestamp": "2026-07-16T17:15:44.524Z",
  "path": "/whatsapp/status",
  "method": "GET",
  "status": 401,
  "error": {
    "message": "Unauthorized",
    "stack": "UnauthorizedException: Unauthorized\n    at MixinAuthGuard.handleRequest (/home/abhimanyu/Projects/YQ/YQ Management/backend/node_modules/@nestjs/passport/dist/auth.guard.js:60:30)\n    at /home/abhimanyu/Projects/YQ/YQ Management/backend/node_modules/@nestjs/passport/dist/auth.guard.js:44:124\n    at /home/abhimanyu/Projects/YQ/YQ Management/backend/node_modules/@nestjs/passport/dist/auth.guard.js:83:24\n    at allFailed (/home/abhimanyu/Projects/YQ/YQ Management/backend/node_modules/passport/lib/middleware/authenticate.js:110:18)\n    at attempt (/home/abhimanyu/Projects/YQ/YQ Management/backend/node_modules/passport/lib/middleware/authenticate.js:183:28)\n    at strategy.fail (/home/abhimanyu/Projects/YQ/YQ Management/backend/node_modules/passport/lib/middleware/authenticate.js:314:9)\n    at JwtStrategy.authenticate (/home/abhimanyu/Projects/YQ/YQ Management/backend/node_modules/passport-jwt/lib/strategy.js:96:21)\n    at attempt (/home/abhimanyu/Projects/YQ/YQ Management/backend/node_modules/passport/lib/middleware/authenticate.js:378:16)\n    at authenticate (/home/abhimanyu/Projects/YQ/YQ Management/backend/node_modules/passport/lib/middleware/authenticate.js:379:7)\n    at /home/abhimanyu/Projects/YQ/YQ Management/backend/node_modules/@nestjs/passport/dist/auth.guard.js:88:3",
    "name": "UnauthorizedException"
  }
}

{
  "timestamp": "2026-07-16T17:15:44.528Z",
  "path": "/auth/me",
  "method": "GET",
  "status": 401,
  "error": {
    "message": "Unauthorized",
    "stack": "UnauthorizedException: Unauthorized\n    at MixinAuthGuard.handleRequest (/home/abhimanyu/Projects/YQ/YQ Management/backend/node_modules/@nestjs/passport/dist/auth.guard.js:60:30)\n    at /home/abhimanyu/Projects/YQ/YQ Management/backend/node_modules/@nestjs/passport/dist/auth.guard.js:44:124\n    at /home/abhimanyu/Projects/YQ/YQ Management/backend/node_modules/@nestjs/passport/dist/auth.guard.js:83:24\n    at allFailed (/home/abhimanyu/Projects/YQ/YQ Management/backend/node_modules/passport/lib/middleware/authenticate.js:110:18)\n    at attempt (/home/abhimanyu/Projects/YQ/YQ Management/backend/node_modules/passport/lib/middleware/authenticate.js:183:28)\n    at strategy.fail (/home/abhimanyu/Projects/YQ/YQ Management/backend/node_modules/passport/lib/middleware/authenticate.js:314:9)\n    at JwtStrategy.authenticate (/home/abhimanyu/Projects/YQ/YQ Management/backend/node_modules/passport-jwt/lib/strategy.js:96:21)\n    at attempt (/home/abhimanyu/Projects/YQ/YQ Management/backend/node_modules/passport/lib/middleware/authenticate.js:378:16)\n    at authenticate (/home/abhimanyu/Projects/YQ/YQ Management/backend/node_modules/passport/lib/middleware/authenticate.js:379:7)\n    at /home/abhimanyu/Projects/YQ/YQ Management/backend/node_modules/@nestjs/passport/dist/auth.guard.js:88:3",
    "name": "UnauthorizedException"
  }
}

{
  "timestamp": "2026-07-16T17:15:44.536Z",
  "path": "/queue",
  "method": "GET",
  "status": 401,
  "error": {
    "message": "Unauthorized",
    "stack": "UnauthorizedException: Unauthorized\n    at MixinAuthGuard.handleRequest (/home/abhimanyu/Projects/YQ/YQ Management/backend/node_modules/@nestjs/passport/dist/auth.guard.js:60:30)\n    at /home/abhimanyu/Projects/YQ/YQ Management/backend/node_modules/@nestjs/passport/dist/auth.guard.js:44:124\n    at /home/abhimanyu/Projects/YQ/YQ Management/backend/node_modules/@nestjs/passport/dist/auth.guard.js:83:24\n    at allFailed (/home/abhimanyu/Projects/YQ/YQ Management/backend/node_modules/passport/lib/middleware/authenticate.js:110:18)\n    at attempt (/home/abhimanyu/Projects/YQ/YQ Management/backend/node_modules/passport/lib/middleware/authenticate.js:183:28)\n    at strategy.fail (/home/abhimanyu/Projects/YQ/YQ Management/backend/node_modules/passport/lib/middleware/authenticate.js:314:9)\n    at JwtStrategy.authenticate (/home/abhimanyu/Projects/YQ/YQ Management/backend/node_modules/passport-jwt/lib/strategy.js:96:21)\n    at attempt (/home/abhimanyu/Projects/YQ/YQ Management/backend/node_modules/passport/lib/middleware/authenticate.js:378:16)\n    at authenticate (/home/abhimanyu/Projects/YQ/YQ Management/backend/node_modules/passport/lib/middleware/authenticate.js:379:7)\n    at /home/abhimanyu/Projects/YQ/YQ Management/backend/node_modules/@nestjs/passport/dist/auth.guard.js:88:3",
    "name": "UnauthorizedException"
  }
}

{
  "timestamp": "2026-07-16T17:15:44.637Z",
  "path": "/auth/me",
  "method": "GET",
  "status": 401,
  "error": {
    "message": "Unauthorized",
    "stack": "UnauthorizedException: Unauthorized\n    at MixinAuthGuard.handleRequest (/home/abhimanyu/Projects/YQ/YQ Management/backend/node_modules/@nestjs/passport/dist/auth.guard.js:60:30)\n    at /home/abhimanyu/Projects/YQ/YQ Management/backend/node_modules/@nestjs/passport/dist/auth.guard.js:44:124\n    at /home/abhimanyu/Projects/YQ/YQ Management/backend/node_modules/@nestjs/passport/dist/auth.guard.js:83:24\n    at allFailed (/home/abhimanyu/Projects/YQ/YQ Management/backend/node_modules/passport/lib/middleware/authenticate.js:110:18)\n    at attempt (/home/abhimanyu/Projects/YQ/YQ Management/backend/node_modules/passport/lib/middleware/authenticate.js:183:28)\n    at strategy.fail (/home/abhimanyu/Projects/YQ/YQ Management/backend/node_modules/passport/lib/middleware/authenticate.js:314:9)\n    at JwtStrategy.authenticate (/home/abhimanyu/Projects/YQ/YQ Management/backend/node_modules/passport-jwt/lib/strategy.js:96:21)\n    at attempt (/home/abhimanyu/Projects/YQ/YQ Management/backend/node_modules/passport/lib/middleware/authenticate.js:378:16)\n    at authenticate (/home/abhimanyu/Projects/YQ/YQ Management/backend/node_modules/passport/lib/middleware/authenticate.js:379:7)\n    at /home/abhimanyu/Projects/YQ/YQ Management/backend/node_modules/@nestjs/passport/dist/auth.guard.js:88:3",
    "name": "UnauthorizedException"
  }
}

{
  "timestamp": "2026-07-16T17:16:04.089Z",
  "path": "/auth/me",
  "method": "GET",
  "status": 401,
  "error": {
    "message": "Unauthorized",
    "stack": "UnauthorizedException: Unauthorized\n    at MixinAuthGuard.handleRequest (/home/abhimanyu/Projects/YQ/YQ Management/backend/node_modules/@nestjs/passport/dist/auth.guard.js:60:30)\n    at /home/abhimanyu/Projects/YQ/YQ Management/backend/node_modules/@nestjs/passport/dist/auth.guard.js:44:124\n    at /home/abhimanyu/Projects/YQ/YQ Management/backend/node_modules/@nestjs/passport/dist/auth.guard.js:83:24\n    at allFailed (/home/abhimanyu/Projects/YQ/YQ Management/backend/node_modules/passport/lib/middleware/authenticate.js:110:18)\n    at attempt (/home/abhimanyu/Projects/YQ/YQ Management/backend/node_modules/passport/lib/middleware/authenticate.js:183:28)\n    at strategy.fail (/home/abhimanyu/Projects/YQ/YQ Management/backend/node_modules/passport/lib/middleware/authenticate.js:314:9)\n    at JwtStrategy.authenticate (/home/abhimanyu/Projects/YQ/YQ Management/backend/node_modules/passport-jwt/lib/strategy.js:96:21)\n    at attempt (/home/abhimanyu/Projects/YQ/YQ Management/backend/node_modules/passport/lib/middleware/authenticate.js:378:16)\n    at authenticate (/home/abhimanyu/Projects/YQ/YQ Management/backend/node_modules/passport/lib/middleware/authenticate.js:379:7)\n    at /home/abhimanyu/Projects/YQ/YQ Management/backend/node_modules/@nestjs/passport/dist/auth.guard.js:88:3",
    "name": "UnauthorizedException"
  }
}

{
  "timestamp": "2026-07-16T17:16:04.647Z",
  "path": "/whatsapp/status",
  "method": "GET",
  "status": 401,
  "error": {
    "message": "Unauthorized",
    "stack": "UnauthorizedException: Unauthorized\n    at MixinAuthGuard.handleRequest (/home/abhimanyu/Projects/YQ/YQ Management/backend/node_modules/@nestjs/passport/dist/auth.guard.js:60:30)\n    at /home/abhimanyu/Projects/YQ/YQ Management/backend/node_modules/@nestjs/passport/dist/auth.guard.js:44:124\n    at /home/abhimanyu/Projects/YQ/YQ Management/backend/node_modules/@nestjs/passport/dist/auth.guard.js:83:24\n    at allFailed (/home/abhimanyu/Projects/YQ/YQ Management/backend/node_modules/passport/lib/middleware/authenticate.js:110:18)\n    at attempt (/home/abhimanyu/Projects/YQ/YQ Management/backend/node_modules/passport/lib/middleware/authenticate.js:183:28)\n    at strategy.fail (/home/abhimanyu/Projects/YQ/YQ Management/backend/node_modules/passport/lib/middleware/authenticate.js:314:9)\n    at JwtStrategy.authenticate (/home/abhimanyu/Projects/YQ/YQ Management/backend/node_modules/passport-jwt/lib/strategy.js:96:21)\n    at attempt (/home/abhimanyu/Projects/YQ/YQ Management/backend/node_modules/passport/lib/middleware/authenticate.js:378:16)\n    at authenticate (/home/abhimanyu/Projects/YQ/YQ Management/backend/node_modules/passport/lib/middleware/authenticate.js:379:7)\n    at /home/abhimanyu/Projects/YQ/YQ Management/backend/node_modules/@nestjs/passport/dist/auth.guard.js:88:3",
    "name": "UnauthorizedException"
  }
}

{
  "timestamp": "2026-07-16T17:16:04.654Z",
  "path": "/auth/me",
  "method": "GET",
  "status": 401,
  "error": {
    "message": "Unauthorized",
    "stack": "UnauthorizedException: Unauthorized\n    at MixinAuthGuard.handleRequest (/home/abhimanyu/Projects/YQ/YQ Management/backend/node_modules/@nestjs/passport/dist/auth.guard.js:60:30)\n    at /home/abhimanyu/Projects/YQ/YQ Management/backend/node_modules/@nestjs/passport/dist/auth.guard.js:44:124\n    at /home/abhimanyu/Projects/YQ/YQ Management/backend/node_modules/@nestjs/passport/dist/auth.guard.js:83:24\n    at allFailed (/home/abhimanyu/Projects/YQ/YQ Management/backend/node_modules/passport/lib/middleware/authenticate.js:110:18)\n    at attempt (/home/abhimanyu/Projects/YQ/YQ Management/backend/node_modules/passport/lib/middleware/authenticate.js:183:28)\n    at strategy.fail (/home/abhimanyu/Projects/YQ/YQ Management/backend/node_modules/passport/lib/middleware/authenticate.js:314:9)\n    at JwtStrategy.authenticate (/home/abhimanyu/Projects/YQ/YQ Management/backend/node_modules/passport-jwt/lib/strategy.js:96:21)\n    at attempt (/home/abhimanyu/Projects/YQ/YQ Management/backend/node_modules/passport/lib/middleware/authenticate.js:378:16)\n    at authenticate (/home/abhimanyu/Projects/YQ/YQ Management/backend/node_modules/passport/lib/middleware/authenticate.js:379:7)\n    at /home/abhimanyu/Projects/YQ/YQ Management/backend/node_modules/@nestjs/passport/dist/auth.guard.js:88:3",
    "name": "UnauthorizedException"
  }
}

{
  "timestamp": "2026-07-16T17:16:04.666Z",
  "path": "/queue",
  "method": "GET",
  "status": 401,
  "error": {
    "message": "Unauthorized",
    "stack": "UnauthorizedException: Unauthorized\n    at MixinAuthGuard.handleRequest (/home/abhimanyu/Projects/YQ/YQ Management/backend/node_modules/@nestjs/passport/dist/auth.guard.js:60:30)\n    at /home/abhimanyu/Projects/YQ/YQ Management/backend/node_modules/@nestjs/passport/dist/auth.guard.js:44:124\n    at /home/abhimanyu/Projects/YQ/YQ Management/backend/node_modules/@nestjs/passport/dist/auth.guard.js:83:24\n    at allFailed (/home/abhimanyu/Projects/YQ/YQ Management/backend/node_modules/passport/lib/middleware/authenticate.js:110:18)\n    at attempt (/home/abhimanyu/Projects/YQ/YQ Management/backend/node_modules/passport/lib/middleware/authenticate.js:183:28)\n    at strategy.fail (/home/abhimanyu/Projects/YQ/YQ Management/backend/node_modules/passport/lib/middleware/authenticate.js:314:9)\n    at JwtStrategy.authenticate (/home/abhimanyu/Projects/YQ/YQ Management/backend/node_modules/passport-jwt/lib/strategy.js:96:21)\n    at attempt (/home/abhimanyu/Projects/YQ/YQ Management/backend/node_modules/passport/lib/middleware/authenticate.js:378:16)\n    at authenticate (/home/abhimanyu/Projects/YQ/YQ Management/backend/node_modules/passport/lib/middleware/authenticate.js:379:7)\n    at /home/abhimanyu/Projects/YQ/YQ Management/backend/node_modules/@nestjs/passport/dist/auth.guard.js:88:3",
    "name": "UnauthorizedException"
  }
}

{
  "timestamp": "2026-07-16T17:16:04.780Z",
  "path": "/auth/me",
  "method": "GET",
  "status": 401,
  "error": {
    "message": "Unauthorized",
    "stack": "UnauthorizedException: Unauthorized\n    at MixinAuthGuard.handleRequest (/home/abhimanyu/Projects/YQ/YQ Management/backend/node_modules/@nestjs/passport/dist/auth.guard.js:60:30)\n    at /home/abhimanyu/Projects/YQ/YQ Management/backend/node_modules/@nestjs/passport/dist/auth.guard.js:44:124\n    at /home/abhimanyu/Projects/YQ/YQ Management/backend/node_modules/@nestjs/passport/dist/auth.guard.js:83:24\n    at allFailed (/home/abhimanyu/Projects/YQ/YQ Management/backend/node_modules/passport/lib/middleware/authenticate.js:110:18)\n    at attempt (/home/abhimanyu/Projects/YQ/YQ Management/backend/node_modules/passport/lib/middleware/authenticate.js:183:28)\n    at strategy.fail (/home/abhimanyu/Projects/YQ/YQ Management/backend/node_modules/passport/lib/middleware/authenticate.js:314:9)\n    at JwtStrategy.authenticate (/home/abhimanyu/Projects/YQ/YQ Management/backend/node_modules/passport-jwt/lib/strategy.js:96:21)\n    at attempt (/home/abhimanyu/Projects/YQ/YQ Management/backend/node_modules/passport/lib/middleware/authenticate.js:378:16)\n    at authenticate (/home/abhimanyu/Projects/YQ/YQ Management/backend/node_modules/passport/lib/middleware/authenticate.js:379:7)\n    at /home/abhimanyu/Projects/YQ/YQ Management/backend/node_modules/@nestjs/passport/dist/auth.guard.js:88:3",
    "name": "UnauthorizedException"
  }
}

{
  "timestamp": "2026-07-16T17:16:23.964Z",
  "path": "/auth/me",
  "method": "GET",
  "status": 401,
  "error": {
    "message": "Unauthorized",
    "stack": "UnauthorizedException: Unauthorized\n    at MixinAuthGuard.handleRequest (/home/abhimanyu/Projects/YQ/YQ Management/backend/node_modules/@nestjs/passport/dist/auth.guard.js:60:30)\n    at /home/abhimanyu/Projects/YQ/YQ Management/backend/node_modules/@nestjs/passport/dist/auth.guard.js:44:124\n    at /home/abhimanyu/Projects/YQ/YQ Management/backend/node_modules/@nestjs/passport/dist/auth.guard.js:83:24\n    at allFailed (/home/abhimanyu/Projects/YQ/YQ Management/backend/node_modules/passport/lib/middleware/authenticate.js:110:18)\n    at attempt (/home/abhimanyu/Projects/YQ/YQ Management/backend/node_modules/passport/lib/middleware/authenticate.js:183:28)\n    at strategy.fail (/home/abhimanyu/Projects/YQ/YQ Management/backend/node_modules/passport/lib/middleware/authenticate.js:314:9)\n    at JwtStrategy.authenticate (/home/abhimanyu/Projects/YQ/YQ Management/backend/node_modules/passport-jwt/lib/strategy.js:96:21)\n    at attempt (/home/abhimanyu/Projects/YQ/YQ Management/backend/node_modules/passport/lib/middleware/authenticate.js:378:16)\n    at authenticate (/home/abhimanyu/Projects/YQ/YQ Management/backend/node_modules/passport/lib/middleware/authenticate.js:379:7)\n    at /home/abhimanyu/Projects/YQ/YQ Management/backend/node_modules/@nestjs/passport/dist/auth.guard.js:88:3",
    "name": "UnauthorizedException"
  }
}

{
  "timestamp": "2026-07-16T17:16:24.591Z",
  "path": "/whatsapp/status",
  "method": "GET",
  "status": 401,
  "error": {
    "message": "Unauthorized",
    "stack": "UnauthorizedException: Unauthorized\n    at MixinAuthGuard.handleRequest (/home/abhimanyu/Projects/YQ/YQ Management/backend/node_modules/@nestjs/passport/dist/auth.guard.js:60:30)\n    at /home/abhimanyu/Projects/YQ/YQ Management/backend/node_modules/@nestjs/passport/dist/auth.guard.js:44:124\n    at /home/abhimanyu/Projects/YQ/YQ Management/backend/node_modules/@nestjs/passport/dist/auth.guard.js:83:24\n    at allFailed (/home/abhimanyu/Projects/YQ/YQ Management/backend/node_modules/passport/lib/middleware/authenticate.js:110:18)\n    at attempt (/home/abhimanyu/Projects/YQ/YQ Management/backend/node_modules/passport/lib/middleware/authenticate.js:183:28)\n    at strategy.fail (/home/abhimanyu/Projects/YQ/YQ Management/backend/node_modules/passport/lib/middleware/authenticate.js:314:9)\n    at JwtStrategy.authenticate (/home/abhimanyu/Projects/YQ/YQ Management/backend/node_modules/passport-jwt/lib/strategy.js:96:21)\n    at attempt (/home/abhimanyu/Projects/YQ/YQ Management/backend/node_modules/passport/lib/middleware/authenticate.js:378:16)\n    at authenticate (/home/abhimanyu/Projects/YQ/YQ Management/backend/node_modules/passport/lib/middleware/authenticate.js:379:7)\n    at /home/abhimanyu/Projects/YQ/YQ Management/backend/node_modules/@nestjs/passport/dist/auth.guard.js:88:3",
    "name": "UnauthorizedException"
  }
}

{
  "timestamp": "2026-07-16T17:16:24.595Z",
  "path": "/queue",
  "method": "GET",
  "status": 401,
  "error": {
    "message": "Unauthorized",
    "stack": "UnauthorizedException: Unauthorized\n    at MixinAuthGuard.handleRequest (/home/abhimanyu/Projects/YQ/YQ Management/backend/node_modules/@nestjs/passport/dist/auth.guard.js:60:30)\n    at /home/abhimanyu/Projects/YQ/YQ Management/backend/node_modules/@nestjs/passport/dist/auth.guard.js:44:124\n    at /home/abhimanyu/Projects/YQ/YQ Management/backend/node_modules/@nestjs/passport/dist/auth.guard.js:83:24\n    at allFailed (/home/abhimanyu/Projects/YQ/YQ Management/backend/node_modules/passport/lib/middleware/authenticate.js:110:18)\n    at attempt (/home/abhimanyu/Projects/YQ/YQ Management/backend/node_modules/passport/lib/middleware/authenticate.js:183:28)\n    at strategy.fail (/home/abhimanyu/Projects/YQ/YQ Management/backend/node_modules/passport/lib/middleware/authenticate.js:314:9)\n    at JwtStrategy.authenticate (/home/abhimanyu/Projects/YQ/YQ Management/backend/node_modules/passport-jwt/lib/strategy.js:96:21)\n    at attempt (/home/abhimanyu/Projects/YQ/YQ Management/backend/node_modules/passport/lib/middleware/authenticate.js:378:16)\n    at authenticate (/home/abhimanyu/Projects/YQ/YQ Management/backend/node_modules/passport/lib/middleware/authenticate.js:379:7)\n    at /home/abhimanyu/Projects/YQ/YQ Management/backend/node_modules/@nestjs/passport/dist/auth.guard.js:88:3",
    "name": "UnauthorizedException"
  }
}

{
  "timestamp": "2026-07-16T17:16:24.600Z",
  "path": "/auth/me",
  "method": "GET",
  "status": 401,
  "error": {
    "message": "Unauthorized",
    "stack": "UnauthorizedException: Unauthorized\n    at MixinAuthGuard.handleRequest (/home/abhimanyu/Projects/YQ/YQ Management/backend/node_modules/@nestjs/passport/dist/auth.guard.js:60:30)\n    at /home/abhimanyu/Projects/YQ/YQ Management/backend/node_modules/@nestjs/passport/dist/auth.guard.js:44:124\n    at /home/abhimanyu/Projects/YQ/YQ Management/backend/node_modules/@nestjs/passport/dist/auth.guard.js:83:24\n    at allFailed (/home/abhimanyu/Projects/YQ/YQ Management/backend/node_modules/passport/lib/middleware/authenticate.js:110:18)\n    at attempt (/home/abhimanyu/Projects/YQ/YQ Management/backend/node_modules/passport/lib/middleware/authenticate.js:183:28)\n    at strategy.fail (/home/abhimanyu/Projects/YQ/YQ Management/backend/node_modules/passport/lib/middleware/authenticate.js:314:9)\n    at JwtStrategy.authenticate (/home/abhimanyu/Projects/YQ/YQ Management/backend/node_modules/passport-jwt/lib/strategy.js:96:21)\n    at attempt (/home/abhimanyu/Projects/YQ/YQ Management/backend/node_modules/passport/lib/middleware/authenticate.js:378:16)\n    at authenticate (/home/abhimanyu/Projects/YQ/YQ Management/backend/node_modules/passport/lib/middleware/authenticate.js:379:7)\n    at /home/abhimanyu/Projects/YQ/YQ Management/backend/node_modules/@nestjs/passport/dist/auth.guard.js:88:3",
    "name": "UnauthorizedException"
  }
}

{
  "timestamp": "2026-07-16T17:16:24.736Z",
  "path": "/auth/me",
  "method": "GET",
  "status": 401,
  "error": {
    "message": "Unauthorized",
    "stack": "UnauthorizedException: Unauthorized\n    at MixinAuthGuard.handleRequest (/home/abhimanyu/Projects/YQ/YQ Management/backend/node_modules/@nestjs/passport/dist/auth.guard.js:60:30)\n    at /home/abhimanyu/Projects/YQ/YQ Management/backend/node_modules/@nestjs/passport/dist/auth.guard.js:44:124\n    at /home/abhimanyu/Projects/YQ/YQ Management/backend/node_modules/@nestjs/passport/dist/auth.guard.js:83:24\n    at allFailed (/home/abhimanyu/Projects/YQ/YQ Management/backend/node_modules/passport/lib/middleware/authenticate.js:110:18)\n    at attempt (/home/abhimanyu/Projects/YQ/YQ Management/backend/node_modules/passport/lib/middleware/authenticate.js:183:28)\n    at strategy.fail (/home/abhimanyu/Projects/YQ/YQ Management/backend/node_modules/passport/lib/middleware/authenticate.js:314:9)\n    at JwtStrategy.authenticate (/home/abhimanyu/Projects/YQ/YQ Management/backend/node_modules/passport-jwt/lib/strategy.js:96:21)\n    at attempt (/home/abhimanyu/Projects/YQ/YQ Management/backend/node_modules/passport/lib/middleware/authenticate.js:378:16)\n    at authenticate (/home/abhimanyu/Projects/YQ/YQ Management/backend/node_modules/passport/lib/middleware/authenticate.js:379:7)\n    at /home/abhimanyu/Projects/YQ/YQ Management/backend/node_modules/@nestjs/passport/dist/auth.guard.js:88:3",
    "name": "UnauthorizedException"
  }
}

{
  "timestamp": "2026-07-16T17:16:25.832Z",
  "path": "/auth/me",
  "method": "GET",
  "status": 401,
  "error": {
    "message": "Unauthorized",
    "stack": "UnauthorizedException: Unauthorized\n    at MixinAuthGuard.handleRequest (/home/abhimanyu/Projects/YQ/YQ Management/backend/node_modules/@nestjs/passport/dist/auth.guard.js:60:30)\n    at /home/abhimanyu/Projects/YQ/YQ Management/backend/node_modules/@nestjs/passport/dist/auth.guard.js:44:124\n    at /home/abhimanyu/Projects/YQ/YQ Management/backend/node_modules/@nestjs/passport/dist/auth.guard.js:83:24\n    at allFailed (/home/abhimanyu/Projects/YQ/YQ Management/backend/node_modules/passport/lib/middleware/authenticate.js:110:18)\n    at attempt (/home/abhimanyu/Projects/YQ/YQ Management/backend/node_modules/passport/lib/middleware/authenticate.js:183:28)\n    at strategy.fail (/home/abhimanyu/Projects/YQ/YQ Management/backend/node_modules/passport/lib/middleware/authenticate.js:314:9)\n    at JwtStrategy.authenticate (/home/abhimanyu/Projects/YQ/YQ Management/backend/node_modules/passport-jwt/lib/strategy.js:96:21)\n    at attempt (/home/abhimanyu/Projects/YQ/YQ Management/backend/node_modules/passport/lib/middleware/authenticate.js:378:16)\n    at authenticate (/home/abhimanyu/Projects/YQ/YQ Management/backend/node_modules/passport/lib/middleware/authenticate.js:379:7)\n    at /home/abhimanyu/Projects/YQ/YQ Management/backend/node_modules/@nestjs/passport/dist/auth.guard.js:88:3",
    "name": "UnauthorizedException"
  }
}

{
  "timestamp": "2026-07-16T17:16:25.913Z",
  "path": "/auth/me",
  "method": "GET",
  "status": 401,
  "error": {
    "message": "Unauthorized",
    "stack": "UnauthorizedException: Unauthorized\n    at MixinAuthGuard.handleRequest (/home/abhimanyu/Projects/YQ/YQ Management/backend/node_modules/@nestjs/passport/dist/auth.guard.js:60:30)\n    at /home/abhimanyu/Projects/YQ/YQ Management/backend/node_modules/@nestjs/passport/dist/auth.guard.js:44:124\n    at /home/abhimanyu/Projects/YQ/YQ Management/backend/node_modules/@nestjs/passport/dist/auth.guard.js:83:24\n    at allFailed (/home/abhimanyu/Projects/YQ/YQ Management/backend/node_modules/passport/lib/middleware/authenticate.js:110:18)\n    at attempt (/home/abhimanyu/Projects/YQ/YQ Management/backend/node_modules/passport/lib/middleware/authenticate.js:183:28)\n    at strategy.fail (/home/abhimanyu/Projects/YQ/YQ Management/backend/node_modules/passport/lib/middleware/authenticate.js:314:9)\n    at JwtStrategy.authenticate (/home/abhimanyu/Projects/YQ/YQ Management/backend/node_modules/passport-jwt/lib/strategy.js:96:21)\n    at attempt (/home/abhimanyu/Projects/YQ/YQ Management/backend/node_modules/passport/lib/middleware/authenticate.js:378:16)\n    at authenticate (/home/abhimanyu/Projects/YQ/YQ Management/backend/node_modules/passport/lib/middleware/authenticate.js:379:7)\n    at /home/abhimanyu/Projects/YQ/YQ Management/backend/node_modules/@nestjs/passport/dist/auth.guard.js:88:3",
    "name": "UnauthorizedException"
  }
}

{
  "timestamp": "2026-07-16T17:16:45.236Z",
  "path": "/auth/me",
  "method": "GET",
  "status": 401,
  "error": {
    "message": "Unauthorized",
    "stack": "UnauthorizedException: Unauthorized\n    at MixinAuthGuard.handleRequest (/home/abhimanyu/Projects/YQ/YQ Management/backend/node_modules/@nestjs/passport/dist/auth.guard.js:60:30)\n    at /home/abhimanyu/Projects/YQ/YQ Management/backend/node_modules/@nestjs/passport/dist/auth.guard.js:44:124\n    at /home/abhimanyu/Projects/YQ/YQ Management/backend/node_modules/@nestjs/passport/dist/auth.guard.js:83:24\n    at allFailed (/home/abhimanyu/Projects/YQ/YQ Management/backend/node_modules/passport/lib/middleware/authenticate.js:110:18)\n    at attempt (/home/abhimanyu/Projects/YQ/YQ Management/backend/node_modules/passport/lib/middleware/authenticate.js:183:28)\n    at strategy.fail (/home/abhimanyu/Projects/YQ/YQ Management/backend/node_modules/passport/lib/middleware/authenticate.js:314:9)\n    at JwtStrategy.authenticate (/home/abhimanyu/Projects/YQ/YQ Management/backend/node_modules/passport-jwt/lib/strategy.js:96:21)\n    at attempt (/home/abhimanyu/Projects/YQ/YQ Management/backend/node_modules/passport/lib/middleware/authenticate.js:378:16)\n    at authenticate (/home/abhimanyu/Projects/YQ/YQ Management/backend/node_modules/passport/lib/middleware/authenticate.js:379:7)\n    at /home/abhimanyu/Projects/YQ/YQ Management/backend/node_modules/@nestjs/passport/dist/auth.guard.js:88:3",
    "name": "UnauthorizedException"
  }
}

{
  "timestamp": "2026-07-16T17:16:45.990Z",
  "path": "/whatsapp/status",
  "method": "GET",
  "status": 401,
  "error": {
    "message": "Unauthorized",
    "stack": "UnauthorizedException: Unauthorized\n    at MixinAuthGuard.handleRequest (/home/abhimanyu/Projects/YQ/YQ Management/backend/node_modules/@nestjs/passport/dist/auth.guard.js:60:30)\n    at /home/abhimanyu/Projects/YQ/YQ Management/backend/node_modules/@nestjs/passport/dist/auth.guard.js:44:124\n    at /home/abhimanyu/Projects/YQ/YQ Management/backend/node_modules/@nestjs/passport/dist/auth.guard.js:83:24\n    at allFailed (/home/abhimanyu/Projects/YQ/YQ Management/backend/node_modules/passport/lib/middleware/authenticate.js:110:18)\n    at attempt (/home/abhimanyu/Projects/YQ/YQ Management/backend/node_modules/passport/lib/middleware/authenticate.js:183:28)\n    at strategy.fail (/home/abhimanyu/Projects/YQ/YQ Management/backend/node_modules/passport/lib/middleware/authenticate.js:314:9)\n    at JwtStrategy.authenticate (/home/abhimanyu/Projects/YQ/YQ Management/backend/node_modules/passport-jwt/lib/strategy.js:96:21)\n    at attempt (/home/abhimanyu/Projects/YQ/YQ Management/backend/node_modules/passport/lib/middleware/authenticate.js:378:16)\n    at authenticate (/home/abhimanyu/Projects/YQ/YQ Management/backend/node_modules/passport/lib/middleware/authenticate.js:379:7)\n    at /home/abhimanyu/Projects/YQ/YQ Management/backend/node_modules/@nestjs/passport/dist/auth.guard.js:88:3",
    "name": "UnauthorizedException"
  }
}

{
  "timestamp": "2026-07-16T17:16:45.996Z",
  "path": "/queue",
  "method": "GET",
  "status": 401,
  "error": {
    "message": "Unauthorized",
    "stack": "UnauthorizedException: Unauthorized\n    at MixinAuthGuard.handleRequest (/home/abhimanyu/Projects/YQ/YQ Management/backend/node_modules/@nestjs/passport/dist/auth.guard.js:60:30)\n    at /home/abhimanyu/Projects/YQ/YQ Management/backend/node_modules/@nestjs/passport/dist/auth.guard.js:44:124\n    at /home/abhimanyu/Projects/YQ/YQ Management/backend/node_modules/@nestjs/passport/dist/auth.guard.js:83:24\n    at allFailed (/home/abhimanyu/Projects/YQ/YQ Management/backend/node_modules/passport/lib/middleware/authenticate.js:110:18)\n    at attempt (/home/abhimanyu/Projects/YQ/YQ Management/backend/node_modules/passport/lib/middleware/authenticate.js:183:28)\n    at strategy.fail (/home/abhimanyu/Projects/YQ/YQ Management/backend/node_modules/passport/lib/middleware/authenticate.js:314:9)\n    at JwtStrategy.authenticate (/home/abhimanyu/Projects/YQ/YQ Management/backend/node_modules/passport-jwt/lib/strategy.js:96:21)\n    at attempt (/home/abhimanyu/Projects/YQ/YQ Management/backend/node_modules/passport/lib/middleware/authenticate.js:378:16)\n    at authenticate (/home/abhimanyu/Projects/YQ/YQ Management/backend/node_modules/passport/lib/middleware/authenticate.js:379:7)\n    at /home/abhimanyu/Projects/YQ/YQ Management/backend/node_modules/@nestjs/passport/dist/auth.guard.js:88:3",
    "name": "UnauthorizedException"
  }
}

{
  "timestamp": "2026-07-16T17:16:46.005Z",
  "path": "/auth/me",
  "method": "GET",
  "status": 401,
  "error": {
    "message": "Unauthorized",
    "stack": "UnauthorizedException: Unauthorized\n    at MixinAuthGuard.handleRequest (/home/abhimanyu/Projects/YQ/YQ Management/backend/node_modules/@nestjs/passport/dist/auth.guard.js:60:30)\n    at /home/abhimanyu/Projects/YQ/YQ Management/backend/node_modules/@nestjs/passport/dist/auth.guard.js:44:124\n    at /home/abhimanyu/Projects/YQ/YQ Management/backend/node_modules/@nestjs/passport/dist/auth.guard.js:83:24\n    at allFailed (/home/abhimanyu/Projects/YQ/YQ Management/backend/node_modules/passport/lib/middleware/authenticate.js:110:18)\n    at attempt (/home/abhimanyu/Projects/YQ/YQ Management/backend/node_modules/passport/lib/middleware/authenticate.js:183:28)\n    at strategy.fail (/home/abhimanyu/Projects/YQ/YQ Management/backend/node_modules/passport/lib/middleware/authenticate.js:314:9)\n    at JwtStrategy.authenticate (/home/abhimanyu/Projects/YQ/YQ Management/backend/node_modules/passport-jwt/lib/strategy.js:96:21)\n    at attempt (/home/abhimanyu/Projects/YQ/YQ Management/backend/node_modules/passport/lib/middleware/authenticate.js:378:16)\n    at authenticate (/home/abhimanyu/Projects/YQ/YQ Management/backend/node_modules/passport/lib/middleware/authenticate.js:379:7)\n    at /home/abhimanyu/Projects/YQ/YQ Management/backend/node_modules/@nestjs/passport/dist/auth.guard.js:88:3",
    "name": "UnauthorizedException"
  }
}

{
  "timestamp": "2026-07-16T17:16:46.119Z",
  "path": "/auth/me",
  "method": "GET",
  "status": 401,
  "error": {
    "message": "Unauthorized",
    "stack": "UnauthorizedException: Unauthorized\n    at MixinAuthGuard.handleRequest (/home/abhimanyu/Projects/YQ/YQ Management/backend/node_modules/@nestjs/passport/dist/auth.guard.js:60:30)\n    at /home/abhimanyu/Projects/YQ/YQ Management/backend/node_modules/@nestjs/passport/dist/auth.guard.js:44:124\n    at /home/abhimanyu/Projects/YQ/YQ Management/backend/node_modules/@nestjs/passport/dist/auth.guard.js:83:24\n    at allFailed (/home/abhimanyu/Projects/YQ/YQ Management/backend/node_modules/passport/lib/middleware/authenticate.js:110:18)\n    at attempt (/home/abhimanyu/Projects/YQ/YQ Management/backend/node_modules/passport/lib/middleware/authenticate.js:183:28)\n    at strategy.fail (/home/abhimanyu/Projects/YQ/YQ Management/backend/node_modules/passport/lib/middleware/authenticate.js:314:9)\n    at JwtStrategy.authenticate (/home/abhimanyu/Projects/YQ/YQ Management/backend/node_modules/passport-jwt/lib/strategy.js:96:21)\n    at attempt (/home/abhimanyu/Projects/YQ/YQ Management/backend/node_modules/passport/lib/middleware/authenticate.js:378:16)\n    at authenticate (/home/abhimanyu/Projects/YQ/YQ Management/backend/node_modules/passport/lib/middleware/authenticate.js:379:7)\n    at /home/abhimanyu/Projects/YQ/YQ Management/backend/node_modules/@nestjs/passport/dist/auth.guard.js:88:3",
    "name": "UnauthorizedException"
  }
}

{
  "timestamp": "2026-07-16T17:16:46.589Z",
  "path": "/auth/me",
  "method": "GET",
  "status": 401,
  "error": {
    "message": "Unauthorized",
    "stack": "UnauthorizedException: Unauthorized\n    at MixinAuthGuard.handleRequest (/home/abhimanyu/Projects/YQ/YQ Management/backend/node_modules/@nestjs/passport/dist/auth.guard.js:60:30)\n    at /home/abhimanyu/Projects/YQ/YQ Management/backend/node_modules/@nestjs/passport/dist/auth.guard.js:44:124\n    at /home/abhimanyu/Projects/YQ/YQ Management/backend/node_modules/@nestjs/passport/dist/auth.guard.js:83:24\n    at allFailed (/home/abhimanyu/Projects/YQ/YQ Management/backend/node_modules/passport/lib/middleware/authenticate.js:110:18)\n    at attempt (/home/abhimanyu/Projects/YQ/YQ Management/backend/node_modules/passport/lib/middleware/authenticate.js:183:28)\n    at strategy.fail (/home/abhimanyu/Projects/YQ/YQ Management/backend/node_modules/passport/lib/middleware/authenticate.js:314:9)\n    at JwtStrategy.authenticate (/home/abhimanyu/Projects/YQ/YQ Management/backend/node_modules/passport-jwt/lib/strategy.js:96:21)\n    at attempt (/home/abhimanyu/Projects/YQ/YQ Management/backend/node_modules/passport/lib/middleware/authenticate.js:378:16)\n    at authenticate (/home/abhimanyu/Projects/YQ/YQ Management/backend/node_modules/passport/lib/middleware/authenticate.js:379:7)\n    at /home/abhimanyu/Projects/YQ/YQ Management/backend/node_modules/@nestjs/passport/dist/auth.guard.js:88:3",
    "name": "UnauthorizedException"
  }
}

{
  "timestamp": "2026-07-16T17:16:46.700Z",
  "path": "/auth/me",
  "method": "GET",
  "status": 401,
  "error": {
    "message": "Unauthorized",
    "stack": "UnauthorizedException: Unauthorized\n    at MixinAuthGuard.handleRequest (/home/abhimanyu/Projects/YQ/YQ Management/backend/node_modules/@nestjs/passport/dist/auth.guard.js:60:30)\n    at /home/abhimanyu/Projects/YQ/YQ Management/backend/node_modules/@nestjs/passport/dist/auth.guard.js:44:124\n    at /home/abhimanyu/Projects/YQ/YQ Management/backend/node_modules/@nestjs/passport/dist/auth.guard.js:83:24\n    at allFailed (/home/abhimanyu/Projects/YQ/YQ Management/backend/node_modules/passport/lib/middleware/authenticate.js:110:18)\n    at attempt (/home/abhimanyu/Projects/YQ/YQ Management/backend/node_modules/passport/lib/middleware/authenticate.js:183:28)\n    at strategy.fail (/home/abhimanyu/Projects/YQ/YQ Management/backend/node_modules/passport/lib/middleware/authenticate.js:314:9)\n    at JwtStrategy.authenticate (/home/abhimanyu/Projects/YQ/YQ Management/backend/node_modules/passport-jwt/lib/strategy.js:96:21)\n    at attempt (/home/abhimanyu/Projects/YQ/YQ Management/backend/node_modules/passport/lib/middleware/authenticate.js:378:16)\n    at authenticate (/home/abhimanyu/Projects/YQ/YQ Management/backend/node_modules/passport/lib/middleware/authenticate.js:379:7)\n    at /home/abhimanyu/Projects/YQ/YQ Management/backend/node_modules/@nestjs/passport/dist/auth.guard.js:88:3",
    "name": "UnauthorizedException"
  }
}

{
  "timestamp": "2026-07-16T17:17:06.412Z",
  "path": "/auth/me",
  "method": "GET",
  "status": 401,
  "error": {
    "message": "Unauthorized",
    "stack": "UnauthorizedException: Unauthorized\n    at MixinAuthGuard.handleRequest (/home/abhimanyu/Projects/YQ/YQ Management/backend/node_modules/@nestjs/passport/dist/auth.guard.js:60:30)\n    at /home/abhimanyu/Projects/YQ/YQ Management/backend/node_modules/@nestjs/passport/dist/auth.guard.js:44:124\n    at /home/abhimanyu/Projects/YQ/YQ Management/backend/node_modules/@nestjs/passport/dist/auth.guard.js:83:24\n    at allFailed (/home/abhimanyu/Projects/YQ/YQ Management/backend/node_modules/passport/lib/middleware/authenticate.js:110:18)\n    at attempt (/home/abhimanyu/Projects/YQ/YQ Management/backend/node_modules/passport/lib/middleware/authenticate.js:183:28)\n    at strategy.fail (/home/abhimanyu/Projects/YQ/YQ Management/backend/node_modules/passport/lib/middleware/authenticate.js:314:9)\n    at JwtStrategy.authenticate (/home/abhimanyu/Projects/YQ/YQ Management/backend/node_modules/passport-jwt/lib/strategy.js:96:21)\n    at attempt (/home/abhimanyu/Projects/YQ/YQ Management/backend/node_modules/passport/lib/middleware/authenticate.js:378:16)\n    at authenticate (/home/abhimanyu/Projects/YQ/YQ Management/backend/node_modules/passport/lib/middleware/authenticate.js:379:7)\n    at /home/abhimanyu/Projects/YQ/YQ Management/backend/node_modules/@nestjs/passport/dist/auth.guard.js:88:3",
    "name": "UnauthorizedException"
  }
}

{
  "timestamp": "2026-07-16T17:17:07.226Z",
  "path": "/auth/me",
  "method": "GET",
  "status": 401,
  "error": {
    "message": "Unauthorized",
    "stack": "UnauthorizedException: Unauthorized\n    at MixinAuthGuard.handleRequest (/home/abhimanyu/Projects/YQ/YQ Management/backend/node_modules/@nestjs/passport/dist/auth.guard.js:60:30)\n    at /home/abhimanyu/Projects/YQ/YQ Management/backend/node_modules/@nestjs/passport/dist/auth.guard.js:44:124\n    at /home/abhimanyu/Projects/YQ/YQ Management/backend/node_modules/@nestjs/passport/dist/auth.guard.js:83:24\n    at allFailed (/home/abhimanyu/Projects/YQ/YQ Management/backend/node_modules/passport/lib/middleware/authenticate.js:110:18)\n    at attempt (/home/abhimanyu/Projects/YQ/YQ Management/backend/node_modules/passport/lib/middleware/authenticate.js:183:28)\n    at strategy.fail (/home/abhimanyu/Projects/YQ/YQ Management/backend/node_modules/passport/lib/middleware/authenticate.js:314:9)\n    at JwtStrategy.authenticate (/home/abhimanyu/Projects/YQ/YQ Management/backend/node_modules/passport-jwt/lib/strategy.js:96:21)\n    at attempt (/home/abhimanyu/Projects/YQ/YQ Management/backend/node_modules/passport/lib/middleware/authenticate.js:378:16)\n    at authenticate (/home/abhimanyu/Projects/YQ/YQ Management/backend/node_modules/passport/lib/middleware/authenticate.js:379:7)\n    at /home/abhimanyu/Projects/YQ/YQ Management/backend/node_modules/@nestjs/passport/dist/auth.guard.js:88:3",
    "name": "UnauthorizedException"
  }
}

{
  "timestamp": "2026-07-16T17:17:07.298Z",
  "path": "/auth/me",
  "method": "GET",
  "status": 401,
  "error": {
    "message": "Unauthorized",
    "stack": "UnauthorizedException: Unauthorized\n    at MixinAuthGuard.handleRequest (/home/abhimanyu/Projects/YQ/YQ Management/backend/node_modules/@nestjs/passport/dist/auth.guard.js:60:30)\n    at /home/abhimanyu/Projects/YQ/YQ Management/backend/node_modules/@nestjs/passport/dist/auth.guard.js:44:124\n    at /home/abhimanyu/Projects/YQ/YQ Management/backend/node_modules/@nestjs/passport/dist/auth.guard.js:83:24\n    at allFailed (/home/abhimanyu/Projects/YQ/YQ Management/backend/node_modules/passport/lib/middleware/authenticate.js:110:18)\n    at attempt (/home/abhimanyu/Projects/YQ/YQ Management/backend/node_modules/passport/lib/middleware/authenticate.js:183:28)\n    at strategy.fail (/home/abhimanyu/Projects/YQ/YQ Management/backend/node_modules/passport/lib/middleware/authenticate.js:314:9)\n    at JwtStrategy.authenticate (/home/abhimanyu/Projects/YQ/YQ Management/backend/node_modules/passport-jwt/lib/strategy.js:96:21)\n    at attempt (/home/abhimanyu/Projects/YQ/YQ Management/backend/node_modules/passport/lib/middleware/authenticate.js:378:16)\n    at authenticate (/home/abhimanyu/Projects/YQ/YQ Management/backend/node_modules/passport/lib/middleware/authenticate.js:379:7)\n    at /home/abhimanyu/Projects/YQ/YQ Management/backend/node_modules/@nestjs/passport/dist/auth.guard.js:88:3",
    "name": "UnauthorizedException"
  }
}

{
  "timestamp": "2026-07-16T17:22:21.840Z",
  "path": "/auth/me",
  "method": "GET",
  "status": 401,
  "error": {
    "message": "Unauthorized",
    "stack": "UnauthorizedException: Unauthorized\n    at MixinAuthGuard.handleRequest (/home/abhimanyu/Projects/YQ/YQ Management/backend/node_modules/@nestjs/passport/dist/auth.guard.js:60:30)\n    at /home/abhimanyu/Projects/YQ/YQ Management/backend/node_modules/@nestjs/passport/dist/auth.guard.js:44:124\n    at /home/abhimanyu/Projects/YQ/YQ Management/backend/node_modules/@nestjs/passport/dist/auth.guard.js:83:24\n    at allFailed (/home/abhimanyu/Projects/YQ/YQ Management/backend/node_modules/passport/lib/middleware/authenticate.js:110:18)\n    at attempt (/home/abhimanyu/Projects/YQ/YQ Management/backend/node_modules/passport/lib/middleware/authenticate.js:183:28)\n    at strategy.fail (/home/abhimanyu/Projects/YQ/YQ Management/backend/node_modules/passport/lib/middleware/authenticate.js:314:9)\n    at JwtStrategy.authenticate (/home/abhimanyu/Projects/YQ/YQ Management/backend/node_modules/passport-jwt/lib/strategy.js:96:21)\n    at attempt (/home/abhimanyu/Projects/YQ/YQ Management/backend/node_modules/passport/lib/middleware/authenticate.js:378:16)\n    at authenticate (/home/abhimanyu/Projects/YQ/YQ Management/backend/node_modules/passport/lib/middleware/authenticate.js:379:7)\n    at /home/abhimanyu/Projects/YQ/YQ Management/backend/node_modules/@nestjs/passport/dist/auth.guard.js:88:3",
    "name": "UnauthorizedException"
  }
}

{
  "timestamp": "2026-07-16T17:22:22.131Z",
  "path": "/auth/me",
  "method": "GET",
  "status": 401,
  "error": {
    "message": "Unauthorized",
    "stack": "UnauthorizedException: Unauthorized\n    at MixinAuthGuard.handleRequest (/home/abhimanyu/Projects/YQ/YQ Management/backend/node_modules/@nestjs/passport/dist/auth.guard.js:60:30)\n    at /home/abhimanyu/Projects/YQ/YQ Management/backend/node_modules/@nestjs/passport/dist/auth.guard.js:44:124\n    at /home/abhimanyu/Projects/YQ/YQ Management/backend/node_modules/@nestjs/passport/dist/auth.guard.js:83:24\n    at allFailed (/home/abhimanyu/Projects/YQ/YQ Management/backend/node_modules/passport/lib/middleware/authenticate.js:110:18)\n    at attempt (/home/abhimanyu/Projects/YQ/YQ Management/backend/node_modules/passport/lib/middleware/authenticate.js:183:28)\n    at strategy.fail (/home/abhimanyu/Projects/YQ/YQ Management/backend/node_modules/passport/lib/middleware/authenticate.js:314:9)\n    at JwtStrategy.authenticate (/home/abhimanyu/Projects/YQ/YQ Management/backend/node_modules/passport-jwt/lib/strategy.js:96:21)\n    at attempt (/home/abhimanyu/Projects/YQ/YQ Management/backend/node_modules/passport/lib/middleware/authenticate.js:378:16)\n    at authenticate (/home/abhimanyu/Projects/YQ/YQ Management/backend/node_modules/passport/lib/middleware/authenticate.js:379:7)\n    at /home/abhimanyu/Projects/YQ/YQ Management/backend/node_modules/@nestjs/passport/dist/auth.guard.js:88:3",
    "name": "UnauthorizedException"
  }
}

{
  "timestamp": "2026-07-16T17:22:22.211Z",
  "path": "/auth/me",
  "method": "GET",
  "status": 401,
  "error": {
    "message": "Unauthorized",
    "stack": "UnauthorizedException: Unauthorized\n    at MixinAuthGuard.handleRequest (/home/abhimanyu/Projects/YQ/YQ Management/backend/node_modules/@nestjs/passport/dist/auth.guard.js:60:30)\n    at /home/abhimanyu/Projects/YQ/YQ Management/backend/node_modules/@nestjs/passport/dist/auth.guard.js:44:124\n    at /home/abhimanyu/Projects/YQ/YQ Management/backend/node_modules/@nestjs/passport/dist/auth.guard.js:83:24\n    at allFailed (/home/abhimanyu/Projects/YQ/YQ Management/backend/node_modules/passport/lib/middleware/authenticate.js:110:18)\n    at attempt (/home/abhimanyu/Projects/YQ/YQ Management/backend/node_modules/passport/lib/middleware/authenticate.js:183:28)\n    at strategy.fail (/home/abhimanyu/Projects/YQ/YQ Management/backend/node_modules/passport/lib/middleware/authenticate.js:314:9)\n    at JwtStrategy.authenticate (/home/abhimanyu/Projects/YQ/YQ Management/backend/node_modules/passport-jwt/lib/strategy.js:96:21)\n    at attempt (/home/abhimanyu/Projects/YQ/YQ Management/backend/node_modules/passport/lib/middleware/authenticate.js:378:16)\n    at authenticate (/home/abhimanyu/Projects/YQ/YQ Management/backend/node_modules/passport/lib/middleware/authenticate.js:379:7)\n    at /home/abhimanyu/Projects/YQ/YQ Management/backend/node_modules/@nestjs/passport/dist/auth.guard.js:88:3",
    "name": "UnauthorizedException"
  }
}

{
  "timestamp": "2026-07-16T17:22:22.243Z",
  "path": "/auth/me",
  "method": "GET",
  "status": 401,
  "error": {
    "message": "Unauthorized",
    "stack": "UnauthorizedException: Unauthorized\n    at MixinAuthGuard.handleRequest (/home/abhimanyu/Projects/YQ/YQ Management/backend/node_modules/@nestjs/passport/dist/auth.guard.js:60:30)\n    at /home/abhimanyu/Projects/YQ/YQ Management/backend/node_modules/@nestjs/passport/dist/auth.guard.js:44:124\n    at /home/abhimanyu/Projects/YQ/YQ Management/backend/node_modules/@nestjs/passport/dist/auth.guard.js:83:24\n    at allFailed (/home/abhimanyu/Projects/YQ/YQ Management/backend/node_modules/passport/lib/middleware/authenticate.js:110:18)\n    at attempt (/home/abhimanyu/Projects/YQ/YQ Management/backend/node_modules/passport/lib/middleware/authenticate.js:183:28)\n    at strategy.fail (/home/abhimanyu/Projects/YQ/YQ Management/backend/node_modules/passport/lib/middleware/authenticate.js:314:9)\n    at JwtStrategy.authenticate (/home/abhimanyu/Projects/YQ/YQ Management/backend/node_modules/passport-jwt/lib/strategy.js:96:21)\n    at attempt (/home/abhimanyu/Projects/YQ/YQ Management/backend/node_modules/passport/lib/middleware/authenticate.js:378:16)\n    at authenticate (/home/abhimanyu/Projects/YQ/YQ Management/backend/node_modules/passport/lib/middleware/authenticate.js:379:7)\n    at /home/abhimanyu/Projects/YQ/YQ Management/backend/node_modules/@nestjs/passport/dist/auth.guard.js:88:3",
    "name": "UnauthorizedException"
  }
}

{
  "timestamp": "2026-07-16T17:22:22.267Z",
  "path": "/auth/me",
  "method": "GET",
  "status": 401,
  "error": {
    "message": "Unauthorized",
    "stack": "UnauthorizedException: Unauthorized\n    at MixinAuthGuard.handleRequest (/home/abhimanyu/Projects/YQ/YQ Management/backend/node_modules/@nestjs/passport/dist/auth.guard.js:60:30)\n    at /home/abhimanyu/Projects/YQ/YQ Management/backend/node_modules/@nestjs/passport/dist/auth.guard.js:44:124\n    at /home/abhimanyu/Projects/YQ/YQ Management/backend/node_modules/@nestjs/passport/dist/auth.guard.js:83:24\n    at allFailed (/home/abhimanyu/Projects/YQ/YQ Management/backend/node_modules/passport/lib/middleware/authenticate.js:110:18)\n    at attempt (/home/abhimanyu/Projects/YQ/YQ Management/backend/node_modules/passport/lib/middleware/authenticate.js:183:28)\n    at strategy.fail (/home/abhimanyu/Projects/YQ/YQ Management/backend/node_modules/passport/lib/middleware/authenticate.js:314:9)\n    at JwtStrategy.authenticate (/home/abhimanyu/Projects/YQ/YQ Management/backend/node_modules/passport-jwt/lib/strategy.js:96:21)\n    at attempt (/home/abhimanyu/Projects/YQ/YQ Management/backend/node_modules/passport/lib/middleware/authenticate.js:378:16)\n    at authenticate (/home/abhimanyu/Projects/YQ/YQ Management/backend/node_modules/passport/lib/middleware/authenticate.js:379:7)\n    at /home/abhimanyu/Projects/YQ/YQ Management/backend/node_modules/@nestjs/passport/dist/auth.guard.js:88:3",
    "name": "UnauthorizedException"
  }
}

{
  "timestamp": "2026-07-16T17:22:23.011Z",
  "path": "/auth/login",
  "method": "POST",
  "status": 401,
  "error": {
    "message": "Invalid credentials",
    "stack": "UnauthorizedException: Invalid credentials\n    at AuthController.login (/home/abhimanyu/Projects/YQ/YQ Management/backend/src/auth/auth.controller.ts:20:13)\n    at process.processTicksAndRejections (node:internal/process/task_queues:104:5)\n    at async /home/abhimanyu/Projects/YQ/YQ Management/backend/node_modules/@nestjs/core/router/router-execution-context.js:47:62\n    at async /home/abhimanyu/Projects/YQ/YQ Management/backend/node_modules/@nestjs/core/router/router-proxy.js:9:17",
    "name": "UnauthorizedException"
  }
}

{
  "timestamp": "2026-07-16T17:22:23.204Z",
  "path": "/auth/login",
  "method": "POST",
  "status": 401,
  "error": {
    "message": "Invalid credentials",
    "stack": "UnauthorizedException: Invalid credentials\n    at AuthController.login (/home/abhimanyu/Projects/YQ/YQ Management/backend/src/auth/auth.controller.ts:20:13)\n    at process.processTicksAndRejections (node:internal/process/task_queues:104:5)\n    at async /home/abhimanyu/Projects/YQ/YQ Management/backend/node_modules/@nestjs/core/router/router-execution-context.js:47:62\n    at async /home/abhimanyu/Projects/YQ/YQ Management/backend/node_modules/@nestjs/core/router/router-proxy.js:9:17",
    "name": "UnauthorizedException"
  }
}

{
  "timestamp": "2026-07-16T17:22:23.355Z",
  "path": "/auth/me",
  "method": "GET",
  "status": 401,
  "error": {
    "message": "Unauthorized",
    "stack": "UnauthorizedException: Unauthorized\n    at MixinAuthGuard.handleRequest (/home/abhimanyu/Projects/YQ/YQ Management/backend/node_modules/@nestjs/passport/dist/auth.guard.js:60:30)\n    at /home/abhimanyu/Projects/YQ/YQ Management/backend/node_modules/@nestjs/passport/dist/auth.guard.js:44:124\n    at /home/abhimanyu/Projects/YQ/YQ Management/backend/node_modules/@nestjs/passport/dist/auth.guard.js:83:24\n    at allFailed (/home/abhimanyu/Projects/YQ/YQ Management/backend/node_modules/passport/lib/middleware/authenticate.js:110:18)\n    at attempt (/home/abhimanyu/Projects/YQ/YQ Management/backend/node_modules/passport/lib/middleware/authenticate.js:183:28)\n    at strategy.fail (/home/abhimanyu/Projects/YQ/YQ Management/backend/node_modules/passport/lib/middleware/authenticate.js:314:9)\n    at JwtStrategy.authenticate (/home/abhimanyu/Projects/YQ/YQ Management/backend/node_modules/passport-jwt/lib/strategy.js:96:21)\n    at attempt (/home/abhimanyu/Projects/YQ/YQ Management/backend/node_modules/passport/lib/middleware/authenticate.js:378:16)\n    at authenticate (/home/abhimanyu/Projects/YQ/YQ Management/backend/node_modules/passport/lib/middleware/authenticate.js:379:7)\n    at /home/abhimanyu/Projects/YQ/YQ Management/backend/node_modules/@nestjs/passport/dist/auth.guard.js:88:3",
    "name": "UnauthorizedException"
  }
}

{
  "timestamp": "2026-07-16T17:22:23.559Z",
  "path": "/auth/me",
  "method": "GET",
  "status": 401,
  "error": {
    "message": "Unauthorized",
    "stack": "UnauthorizedException: Unauthorized\n    at MixinAuthGuard.handleRequest (/home/abhimanyu/Projects/YQ/YQ Management/backend/node_modules/@nestjs/passport/dist/auth.guard.js:60:30)\n    at /home/abhimanyu/Projects/YQ/YQ Management/backend/node_modules/@nestjs/passport/dist/auth.guard.js:44:124\n    at /home/abhimanyu/Projects/YQ/YQ Management/backend/node_modules/@nestjs/passport/dist/auth.guard.js:83:24\n    at allFailed (/home/abhimanyu/Projects/YQ/YQ Management/backend/node_modules/passport/lib/middleware/authenticate.js:110:18)\n    at attempt (/home/abhimanyu/Projects/YQ/YQ Management/backend/node_modules/passport/lib/middleware/authenticate.js:183:28)\n    at strategy.fail (/home/abhimanyu/Projects/YQ/YQ Management/backend/node_modules/passport/lib/middleware/authenticate.js:314:9)\n    at JwtStrategy.authenticate (/home/abhimanyu/Projects/YQ/YQ Management/backend/node_modules/passport-jwt/lib/strategy.js:96:21)\n    at attempt (/home/abhimanyu/Projects/YQ/YQ Management/backend/node_modules/passport/lib/middleware/authenticate.js:378:16)\n    at authenticate (/home/abhimanyu/Projects/YQ/YQ Management/backend/node_modules/passport/lib/middleware/authenticate.js:379:7)\n    at /home/abhimanyu/Projects/YQ/YQ Management/backend/node_modules/@nestjs/passport/dist/auth.guard.js:88:3",
    "name": "UnauthorizedException"
  }
}

{
  "timestamp": "2026-07-16T17:22:23.746Z",
  "path": "/auth/me",
  "method": "GET",
  "status": 401,
  "error": {
    "message": "Unauthorized",
    "stack": "UnauthorizedException: Unauthorized\n    at MixinAuthGuard.handleRequest (/home/abhimanyu/Projects/YQ/YQ Management/backend/node_modules/@nestjs/passport/dist/auth.guard.js:60:30)\n    at /home/abhimanyu/Projects/YQ/YQ Management/backend/node_modules/@nestjs/passport/dist/auth.guard.js:44:124\n    at /home/abhimanyu/Projects/YQ/YQ Management/backend/node_modules/@nestjs/passport/dist/auth.guard.js:83:24\n    at allFailed (/home/abhimanyu/Projects/YQ/YQ Management/backend/node_modules/passport/lib/middleware/authenticate.js:110:18)\n    at attempt (/home/abhimanyu/Projects/YQ/YQ Management/backend/node_modules/passport/lib/middleware/authenticate.js:183:28)\n    at strategy.fail (/home/abhimanyu/Projects/YQ/YQ Management/backend/node_modules/passport/lib/middleware/authenticate.js:314:9)\n    at JwtStrategy.authenticate (/home/abhimanyu/Projects/YQ/YQ Management/backend/node_modules/passport-jwt/lib/strategy.js:96:21)\n    at attempt (/home/abhimanyu/Projects/YQ/YQ Management/backend/node_modules/passport/lib/middleware/authenticate.js:378:16)\n    at authenticate (/home/abhimanyu/Projects/YQ/YQ Management/backend/node_modules/passport/lib/middleware/authenticate.js:379:7)\n    at /home/abhimanyu/Projects/YQ/YQ Management/backend/node_modules/@nestjs/passport/dist/auth.guard.js:88:3",
    "name": "UnauthorizedException"
  }
}

{
  "timestamp": "2026-07-16T17:22:37.833Z",
  "path": "/auth/me",
  "method": "GET",
  "status": 401,
  "error": {
    "message": "Unauthorized",
    "stack": "UnauthorizedException: Unauthorized\n    at MixinAuthGuard.handleRequest (/home/abhimanyu/Projects/YQ/YQ Management/backend/node_modules/@nestjs/passport/dist/auth.guard.js:60:30)\n    at /home/abhimanyu/Projects/YQ/YQ Management/backend/node_modules/@nestjs/passport/dist/auth.guard.js:44:124\n    at /home/abhimanyu/Projects/YQ/YQ Management/backend/node_modules/@nestjs/passport/dist/auth.guard.js:83:24\n    at allFailed (/home/abhimanyu/Projects/YQ/YQ Management/backend/node_modules/passport/lib/middleware/authenticate.js:110:18)\n    at attempt (/home/abhimanyu/Projects/YQ/YQ Management/backend/node_modules/passport/lib/middleware/authenticate.js:183:28)\n    at strategy.fail (/home/abhimanyu/Projects/YQ/YQ Management/backend/node_modules/passport/lib/middleware/authenticate.js:314:9)\n    at JwtStrategy.authenticate (/home/abhimanyu/Projects/YQ/YQ Management/backend/node_modules/passport-jwt/lib/strategy.js:96:21)\n    at attempt (/home/abhimanyu/Projects/YQ/YQ Management/backend/node_modules/passport/lib/middleware/authenticate.js:378:16)\n    at authenticate (/home/abhimanyu/Projects/YQ/YQ Management/backend/node_modules/passport/lib/middleware/authenticate.js:379:7)\n    at /home/abhimanyu/Projects/YQ/YQ Management/backend/node_modules/@nestjs/passport/dist/auth.guard.js:88:3",
    "name": "UnauthorizedException"
  }
}

{
  "timestamp": "2026-07-16T17:22:38.680Z",
  "path": "/auth/me",
  "method": "GET",
  "status": 401,
  "error": {
    "message": "Unauthorized",
    "stack": "UnauthorizedException: Unauthorized\n    at MixinAuthGuard.handleRequest (/home/abhimanyu/Projects/YQ/YQ Management/backend/node_modules/@nestjs/passport/dist/auth.guard.js:60:30)\n    at /home/abhimanyu/Projects/YQ/YQ Management/backend/node_modules/@nestjs/passport/dist/auth.guard.js:44:124\n    at /home/abhimanyu/Projects/YQ/YQ Management/backend/node_modules/@nestjs/passport/dist/auth.guard.js:83:24\n    at allFailed (/home/abhimanyu/Projects/YQ/YQ Management/backend/node_modules/passport/lib/middleware/authenticate.js:110:18)\n    at attempt (/home/abhimanyu/Projects/YQ/YQ Management/backend/node_modules/passport/lib/middleware/authenticate.js:183:28)\n    at strategy.fail (/home/abhimanyu/Projects/YQ/YQ Management/backend/node_modules/passport/lib/middleware/authenticate.js:314:9)\n    at JwtStrategy.authenticate (/home/abhimanyu/Projects/YQ/YQ Management/backend/node_modules/passport-jwt/lib/strategy.js:96:21)\n    at attempt (/home/abhimanyu/Projects/YQ/YQ Management/backend/node_modules/passport/lib/middleware/authenticate.js:378:16)\n    at authenticate (/home/abhimanyu/Projects/YQ/YQ Management/backend/node_modules/passport/lib/middleware/authenticate.js:379:7)\n    at /home/abhimanyu/Projects/YQ/YQ Management/backend/node_modules/@nestjs/passport/dist/auth.guard.js:88:3",
    "name": "UnauthorizedException"
  }
}

{
  "timestamp": "2026-07-16T17:22:39.255Z",
  "path": "/whatsapp/status",
  "method": "GET",
  "status": 401,
  "error": {
    "message": "Unauthorized",
    "stack": "UnauthorizedException: Unauthorized\n    at MixinAuthGuard.handleRequest (/home/abhimanyu/Projects/YQ/YQ Management/backend/node_modules/@nestjs/passport/dist/auth.guard.js:60:30)\n    at /home/abhimanyu/Projects/YQ/YQ Management/backend/node_modules/@nestjs/passport/dist/auth.guard.js:44:124\n    at /home/abhimanyu/Projects/YQ/YQ Management/backend/node_modules/@nestjs/passport/dist/auth.guard.js:83:24\n    at allFailed (/home/abhimanyu/Projects/YQ/YQ Management/backend/node_modules/passport/lib/middleware/authenticate.js:110:18)\n    at attempt (/home/abhimanyu/Projects/YQ/YQ Management/backend/node_modules/passport/lib/middleware/authenticate.js:183:28)\n    at strategy.fail (/home/abhimanyu/Projects/YQ/YQ Management/backend/node_modules/passport/lib/middleware/authenticate.js:314:9)\n    at JwtStrategy.authenticate (/home/abhimanyu/Projects/YQ/YQ Management/backend/node_modules/passport-jwt/lib/strategy.js:96:21)\n    at attempt (/home/abhimanyu/Projects/YQ/YQ Management/backend/node_modules/passport/lib/middleware/authenticate.js:378:16)\n    at authenticate (/home/abhimanyu/Projects/YQ/YQ Management/backend/node_modules/passport/lib/middleware/authenticate.js:379:7)\n    at /home/abhimanyu/Projects/YQ/YQ Management/backend/node_modules/@nestjs/passport/dist/auth.guard.js:88:3",
    "name": "UnauthorizedException"
  }
}

{
  "timestamp": "2026-07-16T17:22:39.260Z",
  "path": "/auth/me",
  "method": "GET",
  "status": 401,
  "error": {
    "message": "Unauthorized",
    "stack": "UnauthorizedException: Unauthorized\n    at MixinAuthGuard.handleRequest (/home/abhimanyu/Projects/YQ/YQ Management/backend/node_modules/@nestjs/passport/dist/auth.guard.js:60:30)\n    at /home/abhimanyu/Projects/YQ/YQ Management/backend/node_modules/@nestjs/passport/dist/auth.guard.js:44:124\n    at /home/abhimanyu/Projects/YQ/YQ Management/backend/node_modules/@nestjs/passport/dist/auth.guard.js:83:24\n    at allFailed (/home/abhimanyu/Projects/YQ/YQ Management/backend/node_modules/passport/lib/middleware/authenticate.js:110:18)\n    at attempt (/home/abhimanyu/Projects/YQ/YQ Management/backend/node_modules/passport/lib/middleware/authenticate.js:183:28)\n    at strategy.fail (/home/abhimanyu/Projects/YQ/YQ Management/backend/node_modules/passport/lib/middleware/authenticate.js:314:9)\n    at JwtStrategy.authenticate (/home/abhimanyu/Projects/YQ/YQ Management/backend/node_modules/passport-jwt/lib/strategy.js:96:21)\n    at attempt (/home/abhimanyu/Projects/YQ/YQ Management/backend/node_modules/passport/lib/middleware/authenticate.js:378:16)\n    at authenticate (/home/abhimanyu/Projects/YQ/YQ Management/backend/node_modules/passport/lib/middleware/authenticate.js:379:7)\n    at /home/abhimanyu/Projects/YQ/YQ Management/backend/node_modules/@nestjs/passport/dist/auth.guard.js:88:3",
    "name": "UnauthorizedException"
  }
}

{
  "timestamp": "2026-07-16T17:22:39.267Z",
  "path": "/queue",
  "method": "GET",
  "status": 401,
  "error": {
    "message": "Unauthorized",
    "stack": "UnauthorizedException: Unauthorized\n    at MixinAuthGuard.handleRequest (/home/abhimanyu/Projects/YQ/YQ Management/backend/node_modules/@nestjs/passport/dist/auth.guard.js:60:30)\n    at /home/abhimanyu/Projects/YQ/YQ Management/backend/node_modules/@nestjs/passport/dist/auth.guard.js:44:124\n    at /home/abhimanyu/Projects/YQ/YQ Management/backend/node_modules/@nestjs/passport/dist/auth.guard.js:83:24\n    at allFailed (/home/abhimanyu/Projects/YQ/YQ Management/backend/node_modules/passport/lib/middleware/authenticate.js:110:18)\n    at attempt (/home/abhimanyu/Projects/YQ/YQ Management/backend/node_modules/passport/lib/middleware/authenticate.js:183:28)\n    at strategy.fail (/home/abhimanyu/Projects/YQ/YQ Management/backend/node_modules/passport/lib/middleware/authenticate.js:314:9)\n    at JwtStrategy.authenticate (/home/abhimanyu/Projects/YQ/YQ Management/backend/node_modules/passport-jwt/lib/strategy.js:96:21)\n    at attempt (/home/abhimanyu/Projects/YQ/YQ Management/backend/node_modules/passport/lib/middleware/authenticate.js:378:16)\n    at authenticate (/home/abhimanyu/Projects/YQ/YQ Management/backend/node_modules/passport/lib/middleware/authenticate.js:379:7)\n    at /home/abhimanyu/Projects/YQ/YQ Management/backend/node_modules/@nestjs/passport/dist/auth.guard.js:88:3",
    "name": "UnauthorizedException"
  }
}

{
  "timestamp": "2026-07-16T17:22:39.418Z",
  "path": "/auth/me",
  "method": "GET",
  "status": 401,
  "error": {
    "message": "Unauthorized",
    "stack": "UnauthorizedException: Unauthorized\n    at MixinAuthGuard.handleRequest (/home/abhimanyu/Projects/YQ/YQ Management/backend/node_modules/@nestjs/passport/dist/auth.guard.js:60:30)\n    at /home/abhimanyu/Projects/YQ/YQ Management/backend/node_modules/@nestjs/passport/dist/auth.guard.js:44:124\n    at /home/abhimanyu/Projects/YQ/YQ Management/backend/node_modules/@nestjs/passport/dist/auth.guard.js:83:24\n    at allFailed (/home/abhimanyu/Projects/YQ/YQ Management/backend/node_modules/passport/lib/middleware/authenticate.js:110:18)\n    at attempt (/home/abhimanyu/Projects/YQ/YQ Management/backend/node_modules/passport/lib/middleware/authenticate.js:183:28)\n    at strategy.fail (/home/abhimanyu/Projects/YQ/YQ Management/backend/node_modules/passport/lib/middleware/authenticate.js:314:9)\n    at JwtStrategy.authenticate (/home/abhimanyu/Projects/YQ/YQ Management/backend/node_modules/passport-jwt/lib/strategy.js:96:21)\n    at attempt (/home/abhimanyu/Projects/YQ/YQ Management/backend/node_modules/passport/lib/middleware/authenticate.js:378:16)\n    at authenticate (/home/abhimanyu/Projects/YQ/YQ Management/backend/node_modules/passport/lib/middleware/authenticate.js:379:7)\n    at /home/abhimanyu/Projects/YQ/YQ Management/backend/node_modules/@nestjs/passport/dist/auth.guard.js:88:3",
    "name": "UnauthorizedException"
  }
}

{
  "timestamp": "2026-07-16T17:22:40.042Z",
  "path": "/whatsapp/status",
  "method": "GET",
  "status": 401,
  "error": {
    "message": "Unauthorized",
    "stack": "UnauthorizedException: Unauthorized\n    at MixinAuthGuard.handleRequest (/home/abhimanyu/Projects/YQ/YQ Management/backend/node_modules/@nestjs/passport/dist/auth.guard.js:60:30)\n    at /home/abhimanyu/Projects/YQ/YQ Management/backend/node_modules/@nestjs/passport/dist/auth.guard.js:44:124\n    at /home/abhimanyu/Projects/YQ/YQ Management/backend/node_modules/@nestjs/passport/dist/auth.guard.js:83:24\n    at allFailed (/home/abhimanyu/Projects/YQ/YQ Management/backend/node_modules/passport/lib/middleware/authenticate.js:110:18)\n    at attempt (/home/abhimanyu/Projects/YQ/YQ Management/backend/node_modules/passport/lib/middleware/authenticate.js:183:28)\n    at strategy.fail (/home/abhimanyu/Projects/YQ/YQ Management/backend/node_modules/passport/lib/middleware/authenticate.js:314:9)\n    at JwtStrategy.authenticate (/home/abhimanyu/Projects/YQ/YQ Management/backend/node_modules/passport-jwt/lib/strategy.js:96:21)\n    at attempt (/home/abhimanyu/Projects/YQ/YQ Management/backend/node_modules/passport/lib/middleware/authenticate.js:378:16)\n    at authenticate (/home/abhimanyu/Projects/YQ/YQ Management/backend/node_modules/passport/lib/middleware/authenticate.js:379:7)\n    at /home/abhimanyu/Projects/YQ/YQ Management/backend/node_modules/@nestjs/passport/dist/auth.guard.js:88:3",
    "name": "UnauthorizedException"
  }
}

{
  "timestamp": "2026-07-16T17:22:40.046Z",
  "path": "/queue",
  "method": "GET",
  "status": 401,
  "error": {
    "message": "Unauthorized",
    "stack": "UnauthorizedException: Unauthorized\n    at MixinAuthGuard.handleRequest (/home/abhimanyu/Projects/YQ/YQ Management/backend/node_modules/@nestjs/passport/dist/auth.guard.js:60:30)\n    at /home/abhimanyu/Projects/YQ/YQ Management/backend/node_modules/@nestjs/passport/dist/auth.guard.js:44:124\n    at /home/abhimanyu/Projects/YQ/YQ Management/backend/node_modules/@nestjs/passport/dist/auth.guard.js:83:24\n    at allFailed (/home/abhimanyu/Projects/YQ/YQ Management/backend/node_modules/passport/lib/middleware/authenticate.js:110:18)\n    at attempt (/home/abhimanyu/Projects/YQ/YQ Management/backend/node_modules/passport/lib/middleware/authenticate.js:183:28)\n    at strategy.fail (/home/abhimanyu/Projects/YQ/YQ Management/backend/node_modules/passport/lib/middleware/authenticate.js:314:9)\n    at JwtStrategy.authenticate (/home/abhimanyu/Projects/YQ/YQ Management/backend/node_modules/passport-jwt/lib/strategy.js:96:21)\n    at attempt (/home/abhimanyu/Projects/YQ/YQ Management/backend/node_modules/passport/lib/middleware/authenticate.js:378:16)\n    at authenticate (/home/abhimanyu/Projects/YQ/YQ Management/backend/node_modules/passport/lib/middleware/authenticate.js:379:7)\n    at /home/abhimanyu/Projects/YQ/YQ Management/backend/node_modules/@nestjs/passport/dist/auth.guard.js:88:3",
    "name": "UnauthorizedException"
  }
}

{
  "timestamp": "2026-07-16T17:22:40.050Z",
  "path": "/auth/me",
  "method": "GET",
  "status": 401,
  "error": {
    "message": "Unauthorized",
    "stack": "UnauthorizedException: Unauthorized\n    at MixinAuthGuard.handleRequest (/home/abhimanyu/Projects/YQ/YQ Management/backend/node_modules/@nestjs/passport/dist/auth.guard.js:60:30)\n    at /home/abhimanyu/Projects/YQ/YQ Management/backend/node_modules/@nestjs/passport/dist/auth.guard.js:44:124\n    at /home/abhimanyu/Projects/YQ/YQ Management/backend/node_modules/@nestjs/passport/dist/auth.guard.js:83:24\n    at allFailed (/home/abhimanyu/Projects/YQ/YQ Management/backend/node_modules/passport/lib/middleware/authenticate.js:110:18)\n    at attempt (/home/abhimanyu/Projects/YQ/YQ Management/backend/node_modules/passport/lib/middleware/authenticate.js:183:28)\n    at strategy.fail (/home/abhimanyu/Projects/YQ/YQ Management/backend/node_modules/passport/lib/middleware/authenticate.js:314:9)\n    at JwtStrategy.authenticate (/home/abhimanyu/Projects/YQ/YQ Management/backend/node_modules/passport-jwt/lib/strategy.js:96:21)\n    at attempt (/home/abhimanyu/Projects/YQ/YQ Management/backend/node_modules/passport/lib/middleware/authenticate.js:378:16)\n    at authenticate (/home/abhimanyu/Projects/YQ/YQ Management/backend/node_modules/passport/lib/middleware/authenticate.js:379:7)\n    at /home/abhimanyu/Projects/YQ/YQ Management/backend/node_modules/@nestjs/passport/dist/auth.guard.js:88:3",
    "name": "UnauthorizedException"
  }
}

{
  "timestamp": "2026-07-16T17:22:40.408Z",
  "path": "/auth/me",
  "method": "GET",
  "status": 401,
  "error": {
    "message": "Unauthorized",
    "stack": "UnauthorizedException: Unauthorized\n    at MixinAuthGuard.handleRequest (/home/abhimanyu/Projects/YQ/YQ Management/backend/node_modules/@nestjs/passport/dist/auth.guard.js:60:30)\n    at /home/abhimanyu/Projects/YQ/YQ Management/backend/node_modules/@nestjs/passport/dist/auth.guard.js:44:124\n    at /home/abhimanyu/Projects/YQ/YQ Management/backend/node_modules/@nestjs/passport/dist/auth.guard.js:83:24\n    at allFailed (/home/abhimanyu/Projects/YQ/YQ Management/backend/node_modules/passport/lib/middleware/authenticate.js:110:18)\n    at attempt (/home/abhimanyu/Projects/YQ/YQ Management/backend/node_modules/passport/lib/middleware/authenticate.js:183:28)\n    at strategy.fail (/home/abhimanyu/Projects/YQ/YQ Management/backend/node_modules/passport/lib/middleware/authenticate.js:314:9)\n    at JwtStrategy.authenticate (/home/abhimanyu/Projects/YQ/YQ Management/backend/node_modules/passport-jwt/lib/strategy.js:96:21)\n    at attempt (/home/abhimanyu/Projects/YQ/YQ Management/backend/node_modules/passport/lib/middleware/authenticate.js:378:16)\n    at authenticate (/home/abhimanyu/Projects/YQ/YQ Management/backend/node_modules/passport/lib/middleware/authenticate.js:379:7)\n    at /home/abhimanyu/Projects/YQ/YQ Management/backend/node_modules/@nestjs/passport/dist/auth.guard.js:88:3",
    "name": "UnauthorizedException"
  }
}

{
  "timestamp": "2026-07-16T17:22:40.504Z",
  "path": "/auth/me",
  "method": "GET",
  "status": 401,
  "error": {
    "message": "Unauthorized",
    "stack": "UnauthorizedException: Unauthorized\n    at MixinAuthGuard.handleRequest (/home/abhimanyu/Projects/YQ/YQ Management/backend/node_modules/@nestjs/passport/dist/auth.guard.js:60:30)\n    at /home/abhimanyu/Projects/YQ/YQ Management/backend/node_modules/@nestjs/passport/dist/auth.guard.js:44:124\n    at /home/abhimanyu/Projects/YQ/YQ Management/backend/node_modules/@nestjs/passport/dist/auth.guard.js:83:24\n    at allFailed (/home/abhimanyu/Projects/YQ/YQ Management/backend/node_modules/passport/lib/middleware/authenticate.js:110:18)\n    at attempt (/home/abhimanyu/Projects/YQ/YQ Management/backend/node_modules/passport/lib/middleware/authenticate.js:183:28)\n    at strategy.fail (/home/abhimanyu/Projects/YQ/YQ Management/backend/node_modules/passport/lib/middleware/authenticate.js:314:9)\n    at JwtStrategy.authenticate (/home/abhimanyu/Projects/YQ/YQ Management/backend/node_modules/passport-jwt/lib/strategy.js:96:21)\n    at attempt (/home/abhimanyu/Projects/YQ/YQ Management/backend/node_modules/passport/lib/middleware/authenticate.js:378:16)\n    at authenticate (/home/abhimanyu/Projects/YQ/YQ Management/backend/node_modules/passport/lib/middleware/authenticate.js:379:7)\n    at /home/abhimanyu/Projects/YQ/YQ Management/backend/node_modules/@nestjs/passport/dist/auth.guard.js:88:3",
    "name": "UnauthorizedException"
  }
}

{
  "timestamp": "2026-07-16T17:24:51.650Z",
  "path": "/auth/me",
  "method": "GET",
  "status": 401,
  "error": {
    "message": "Unauthorized",
    "stack": "UnauthorizedException: Unauthorized\n    at MixinAuthGuard.handleRequest (/home/abhimanyu/Projects/YQ/YQ Management/backend/node_modules/@nestjs/passport/dist/auth.guard.js:60:30)\n    at /home/abhimanyu/Projects/YQ/YQ Management/backend/node_modules/@nestjs/passport/dist/auth.guard.js:44:124\n    at /home/abhimanyu/Projects/YQ/YQ Management/backend/node_modules/@nestjs/passport/dist/auth.guard.js:83:24\n    at allFailed (/home/abhimanyu/Projects/YQ/YQ Management/backend/node_modules/passport/lib/middleware/authenticate.js:110:18)\n    at attempt (/home/abhimanyu/Projects/YQ/YQ Management/backend/node_modules/passport/lib/middleware/authenticate.js:183:28)\n    at strategy.fail (/home/abhimanyu/Projects/YQ/YQ Management/backend/node_modules/passport/lib/middleware/authenticate.js:314:9)\n    at JwtStrategy.authenticate (/home/abhimanyu/Projects/YQ/YQ Management/backend/node_modules/passport-jwt/lib/strategy.js:96:21)\n    at attempt (/home/abhimanyu/Projects/YQ/YQ Management/backend/node_modules/passport/lib/middleware/authenticate.js:378:16)\n    at authenticate (/home/abhimanyu/Projects/YQ/YQ Management/backend/node_modules/passport/lib/middleware/authenticate.js:379:7)\n    at /home/abhimanyu/Projects/YQ/YQ Management/backend/node_modules/@nestjs/passport/dist/auth.guard.js:88:3",
    "name": "UnauthorizedException"
  }
}

{
  "timestamp": "2026-07-16T17:24:51.794Z",
  "path": "/auth/me",
  "method": "GET",
  "status": 401,
  "error": {
    "message": "Unauthorized",
    "stack": "UnauthorizedException: Unauthorized\n    at MixinAuthGuard.handleRequest (/home/abhimanyu/Projects/YQ/YQ Management/backend/node_modules/@nestjs/passport/dist/auth.guard.js:60:30)\n    at /home/abhimanyu/Projects/YQ/YQ Management/backend/node_modules/@nestjs/passport/dist/auth.guard.js:44:124\n    at /home/abhimanyu/Projects/YQ/YQ Management/backend/node_modules/@nestjs/passport/dist/auth.guard.js:83:24\n    at allFailed (/home/abhimanyu/Projects/YQ/YQ Management/backend/node_modules/passport/lib/middleware/authenticate.js:110:18)\n    at attempt (/home/abhimanyu/Projects/YQ/YQ Management/backend/node_modules/passport/lib/middleware/authenticate.js:183:28)\n    at strategy.fail (/home/abhimanyu/Projects/YQ/YQ Management/backend/node_modules/passport/lib/middleware/authenticate.js:314:9)\n    at JwtStrategy.authenticate (/home/abhimanyu/Projects/YQ/YQ Management/backend/node_modules/passport-jwt/lib/strategy.js:96:21)\n    at attempt (/home/abhimanyu/Projects/YQ/YQ Management/backend/node_modules/passport/lib/middleware/authenticate.js:378:16)\n    at authenticate (/home/abhimanyu/Projects/YQ/YQ Management/backend/node_modules/passport/lib/middleware/authenticate.js:379:7)\n    at /home/abhimanyu/Projects/YQ/YQ Management/backend/node_modules/@nestjs/passport/dist/auth.guard.js:88:3",
    "name": "UnauthorizedException"
  }
}

{
  "timestamp": "2026-07-16T17:24:51.815Z",
  "path": "/auth/me",
  "method": "GET",
  "status": 401,
  "error": {
    "message": "Unauthorized",
    "stack": "UnauthorizedException: Unauthorized\n    at MixinAuthGuard.handleRequest (/home/abhimanyu/Projects/YQ/YQ Management/backend/node_modules/@nestjs/passport/dist/auth.guard.js:60:30)\n    at /home/abhimanyu/Projects/YQ/YQ Management/backend/node_modules/@nestjs/passport/dist/auth.guard.js:44:124\n    at /home/abhimanyu/Projects/YQ/YQ Management/backend/node_modules/@nestjs/passport/dist/auth.guard.js:83:24\n    at allFailed (/home/abhimanyu/Projects/YQ/YQ Management/backend/node_modules/passport/lib/middleware/authenticate.js:110:18)\n    at attempt (/home/abhimanyu/Projects/YQ/YQ Management/backend/node_modules/passport/lib/middleware/authenticate.js:183:28)\n    at strategy.fail (/home/abhimanyu/Projects/YQ/YQ Management/backend/node_modules/passport/lib/middleware/authenticate.js:314:9)\n    at JwtStrategy.authenticate (/home/abhimanyu/Projects/YQ/YQ Management/backend/node_modules/passport-jwt/lib/strategy.js:96:21)\n    at attempt (/home/abhimanyu/Projects/YQ/YQ Management/backend/node_modules/passport/lib/middleware/authenticate.js:378:16)\n    at authenticate (/home/abhimanyu/Projects/YQ/YQ Management/backend/node_modules/passport/lib/middleware/authenticate.js:379:7)\n    at /home/abhimanyu/Projects/YQ/YQ Management/backend/node_modules/@nestjs/passport/dist/auth.guard.js:88:3",
    "name": "UnauthorizedException"
  }
}

{
  "timestamp": "2026-07-16T17:24:51.825Z",
  "path": "/auth/me",
  "method": "GET",
  "status": 401,
  "error": {
    "message": "Unauthorized",
    "stack": "UnauthorizedException: Unauthorized\n    at MixinAuthGuard.handleRequest (/home/abhimanyu/Projects/YQ/YQ Management/backend/node_modules/@nestjs/passport/dist/auth.guard.js:60:30)\n    at /home/abhimanyu/Projects/YQ/YQ Management/backend/node_modules/@nestjs/passport/dist/auth.guard.js:44:124\n    at /home/abhimanyu/Projects/YQ/YQ Management/backend/node_modules/@nestjs/passport/dist/auth.guard.js:83:24\n    at allFailed (/home/abhimanyu/Projects/YQ/YQ Management/backend/node_modules/passport/lib/middleware/authenticate.js:110:18)\n    at attempt (/home/abhimanyu/Projects/YQ/YQ Management/backend/node_modules/passport/lib/middleware/authenticate.js:183:28)\n    at strategy.fail (/home/abhimanyu/Projects/YQ/YQ Management/backend/node_modules/passport/lib/middleware/authenticate.js:314:9)\n    at JwtStrategy.authenticate (/home/abhimanyu/Projects/YQ/YQ Management/backend/node_modules/passport-jwt/lib/strategy.js:96:21)\n    at attempt (/home/abhimanyu/Projects/YQ/YQ Management/backend/node_modules/passport/lib/middleware/authenticate.js:378:16)\n    at authenticate (/home/abhimanyu/Projects/YQ/YQ Management/backend/node_modules/passport/lib/middleware/authenticate.js:379:7)\n    at /home/abhimanyu/Projects/YQ/YQ Management/backend/node_modules/@nestjs/passport/dist/auth.guard.js:88:3",
    "name": "UnauthorizedException"
  }
}

{
  "timestamp": "2026-07-16T17:24:51.897Z",
  "path": "/auth/me",
  "method": "GET",
  "status": 401,
  "error": {
    "message": "Unauthorized",
    "stack": "UnauthorizedException: Unauthorized\n    at MixinAuthGuard.handleRequest (/home/abhimanyu/Projects/YQ/YQ Management/backend/node_modules/@nestjs/passport/dist/auth.guard.js:60:30)\n    at /home/abhimanyu/Projects/YQ/YQ Management/backend/node_modules/@nestjs/passport/dist/auth.guard.js:44:124\n    at /home/abhimanyu/Projects/YQ/YQ Management/backend/node_modules/@nestjs/passport/dist/auth.guard.js:83:24\n    at allFailed (/home/abhimanyu/Projects/YQ/YQ Management/backend/node_modules/passport/lib/middleware/authenticate.js:110:18)\n    at attempt (/home/abhimanyu/Projects/YQ/YQ Management/backend/node_modules/passport/lib/middleware/authenticate.js:183:28)\n    at strategy.fail (/home/abhimanyu/Projects/YQ/YQ Management/backend/node_modules/passport/lib/middleware/authenticate.js:314:9)\n    at JwtStrategy.authenticate (/home/abhimanyu/Projects/YQ/YQ Management/backend/node_modules/passport-jwt/lib/strategy.js:96:21)\n    at attempt (/home/abhimanyu/Projects/YQ/YQ Management/backend/node_modules/passport/lib/middleware/authenticate.js:378:16)\n    at authenticate (/home/abhimanyu/Projects/YQ/YQ Management/backend/node_modules/passport/lib/middleware/authenticate.js:379:7)\n    at /home/abhimanyu/Projects/YQ/YQ Management/backend/node_modules/@nestjs/passport/dist/auth.guard.js:88:3",
    "name": "UnauthorizedException"
  }
}

{
  "timestamp": "2026-07-16T17:24:52.571Z",
  "path": "/auth/login",
  "method": "POST",
  "status": 401,
  "error": {
    "message": "Invalid credentials",
    "stack": "UnauthorizedException: Invalid credentials\n    at AuthController.login (/home/abhimanyu/Projects/YQ/YQ Management/backend/src/auth/auth.controller.ts:20:13)\n    at process.processTicksAndRejections (node:internal/process/task_queues:104:5)\n    at async /home/abhimanyu/Projects/YQ/YQ Management/backend/node_modules/@nestjs/core/router/router-execution-context.js:47:62\n    at async /home/abhimanyu/Projects/YQ/YQ Management/backend/node_modules/@nestjs/core/router/router-proxy.js:9:17",
    "name": "UnauthorizedException"
  }
}

{
  "timestamp": "2026-07-16T17:24:52.696Z",
  "path": "/auth/login",
  "method": "POST",
  "status": 401,
  "error": {
    "message": "Invalid credentials",
    "stack": "UnauthorizedException: Invalid credentials\n    at AuthController.login (/home/abhimanyu/Projects/YQ/YQ Management/backend/src/auth/auth.controller.ts:20:13)\n    at process.processTicksAndRejections (node:internal/process/task_queues:104:5)\n    at async /home/abhimanyu/Projects/YQ/YQ Management/backend/node_modules/@nestjs/core/router/router-execution-context.js:47:62\n    at async /home/abhimanyu/Projects/YQ/YQ Management/backend/node_modules/@nestjs/core/router/router-proxy.js:9:17",
    "name": "UnauthorizedException"
  }
}

{
  "timestamp": "2026-07-16T17:24:52.993Z",
  "path": "/auth/me",
  "method": "GET",
  "status": 401,
  "error": {
    "message": "Unauthorized",
    "stack": "UnauthorizedException: Unauthorized\n    at MixinAuthGuard.handleRequest (/home/abhimanyu/Projects/YQ/YQ Management/backend/node_modules/@nestjs/passport/dist/auth.guard.js:60:30)\n    at /home/abhimanyu/Projects/YQ/YQ Management/backend/node_modules/@nestjs/passport/dist/auth.guard.js:44:124\n    at /home/abhimanyu/Projects/YQ/YQ Management/backend/node_modules/@nestjs/passport/dist/auth.guard.js:83:24\n    at allFailed (/home/abhimanyu/Projects/YQ/YQ Management/backend/node_modules/passport/lib/middleware/authenticate.js:110:18)\n    at attempt (/home/abhimanyu/Projects/YQ/YQ Management/backend/node_modules/passport/lib/middleware/authenticate.js:183:28)\n    at strategy.fail (/home/abhimanyu/Projects/YQ/YQ Management/backend/node_modules/passport/lib/middleware/authenticate.js:314:9)\n    at JwtStrategy.authenticate (/home/abhimanyu/Projects/YQ/YQ Management/backend/node_modules/passport-jwt/lib/strategy.js:96:21)\n    at attempt (/home/abhimanyu/Projects/YQ/YQ Management/backend/node_modules/passport/lib/middleware/authenticate.js:378:16)\n    at authenticate (/home/abhimanyu/Projects/YQ/YQ Management/backend/node_modules/passport/lib/middleware/authenticate.js:379:7)\n    at /home/abhimanyu/Projects/YQ/YQ Management/backend/node_modules/@nestjs/passport/dist/auth.guard.js:88:3",
    "name": "UnauthorizedException"
  }
}

{
  "timestamp": "2026-07-16T17:24:53.597Z",
  "path": "/auth/me",
  "method": "GET",
  "status": 401,
  "error": {
    "message": "Unauthorized",
    "stack": "UnauthorizedException: Unauthorized\n    at MixinAuthGuard.handleRequest (/home/abhimanyu/Projects/YQ/YQ Management/backend/node_modules/@nestjs/passport/dist/auth.guard.js:60:30)\n    at /home/abhimanyu/Projects/YQ/YQ Management/backend/node_modules/@nestjs/passport/dist/auth.guard.js:44:124\n    at /home/abhimanyu/Projects/YQ/YQ Management/backend/node_modules/@nestjs/passport/dist/auth.guard.js:83:24\n    at allFailed (/home/abhimanyu/Projects/YQ/YQ Management/backend/node_modules/passport/lib/middleware/authenticate.js:110:18)\n    at attempt (/home/abhimanyu/Projects/YQ/YQ Management/backend/node_modules/passport/lib/middleware/authenticate.js:183:28)\n    at strategy.fail (/home/abhimanyu/Projects/YQ/YQ Management/backend/node_modules/passport/lib/middleware/authenticate.js:314:9)\n    at JwtStrategy.authenticate (/home/abhimanyu/Projects/YQ/YQ Management/backend/node_modules/passport-jwt/lib/strategy.js:96:21)\n    at attempt (/home/abhimanyu/Projects/YQ/YQ Management/backend/node_modules/passport/lib/middleware/authenticate.js:378:16)\n    at authenticate (/home/abhimanyu/Projects/YQ/YQ Management/backend/node_modules/passport/lib/middleware/authenticate.js:379:7)\n    at /home/abhimanyu/Projects/YQ/YQ Management/backend/node_modules/@nestjs/passport/dist/auth.guard.js:88:3",
    "name": "UnauthorizedException"
  }
}

{
  "timestamp": "2026-07-16T17:24:53.812Z",
  "path": "/auth/me",
  "method": "GET",
  "status": 401,
  "error": {
    "message": "Unauthorized",
    "stack": "UnauthorizedException: Unauthorized\n    at MixinAuthGuard.handleRequest (/home/abhimanyu/Projects/YQ/YQ Management/backend/node_modules/@nestjs/passport/dist/auth.guard.js:60:30)\n    at /home/abhimanyu/Projects/YQ/YQ Management/backend/node_modules/@nestjs/passport/dist/auth.guard.js:44:124\n    at /home/abhimanyu/Projects/YQ/YQ Management/backend/node_modules/@nestjs/passport/dist/auth.guard.js:83:24\n    at allFailed (/home/abhimanyu/Projects/YQ/YQ Management/backend/node_modules/passport/lib/middleware/authenticate.js:110:18)\n    at attempt (/home/abhimanyu/Projects/YQ/YQ Management/backend/node_modules/passport/lib/middleware/authenticate.js:183:28)\n    at strategy.fail (/home/abhimanyu/Projects/YQ/YQ Management/backend/node_modules/passport/lib/middleware/authenticate.js:314:9)\n    at JwtStrategy.authenticate (/home/abhimanyu/Projects/YQ/YQ Management/backend/node_modules/passport-jwt/lib/strategy.js:96:21)\n    at attempt (/home/abhimanyu/Projects/YQ/YQ Management/backend/node_modules/passport/lib/middleware/authenticate.js:378:16)\n    at authenticate (/home/abhimanyu/Projects/YQ/YQ Management/backend/node_modules/passport/lib/middleware/authenticate.js:379:7)\n    at /home/abhimanyu/Projects/YQ/YQ Management/backend/node_modules/@nestjs/passport/dist/auth.guard.js:88:3",
    "name": "UnauthorizedException"
  }
}

{
  "timestamp": "2026-07-16T17:25:07.458Z",
  "path": "/auth/me",
  "method": "GET",
  "status": 401,
  "error": {
    "message": "Unauthorized",
    "stack": "UnauthorizedException: Unauthorized\n    at MixinAuthGuard.handleRequest (/home/abhimanyu/Projects/YQ/YQ Management/backend/node_modules/@nestjs/passport/dist/auth.guard.js:60:30)\n    at /home/abhimanyu/Projects/YQ/YQ Management/backend/node_modules/@nestjs/passport/dist/auth.guard.js:44:124\n    at /home/abhimanyu/Projects/YQ/YQ Management/backend/node_modules/@nestjs/passport/dist/auth.guard.js:83:24\n    at allFailed (/home/abhimanyu/Projects/YQ/YQ Management/backend/node_modules/passport/lib/middleware/authenticate.js:110:18)\n    at attempt (/home/abhimanyu/Projects/YQ/YQ Management/backend/node_modules/passport/lib/middleware/authenticate.js:183:28)\n    at strategy.fail (/home/abhimanyu/Projects/YQ/YQ Management/backend/node_modules/passport/lib/middleware/authenticate.js:314:9)\n    at JwtStrategy.authenticate (/home/abhimanyu/Projects/YQ/YQ Management/backend/node_modules/passport-jwt/lib/strategy.js:96:21)\n    at attempt (/home/abhimanyu/Projects/YQ/YQ Management/backend/node_modules/passport/lib/middleware/authenticate.js:378:16)\n    at authenticate (/home/abhimanyu/Projects/YQ/YQ Management/backend/node_modules/passport/lib/middleware/authenticate.js:379:7)\n    at /home/abhimanyu/Projects/YQ/YQ Management/backend/node_modules/@nestjs/passport/dist/auth.guard.js:88:3",
    "name": "UnauthorizedException"
  }
}

{
  "timestamp": "2026-07-16T17:25:08.891Z",
  "path": "/auth/me",
  "method": "GET",
  "status": 401,
  "error": {
    "message": "Unauthorized",
    "stack": "UnauthorizedException: Unauthorized\n    at MixinAuthGuard.handleRequest (/home/abhimanyu/Projects/YQ/YQ Management/backend/node_modules/@nestjs/passport/dist/auth.guard.js:60:30)\n    at /home/abhimanyu/Projects/YQ/YQ Management/backend/node_modules/@nestjs/passport/dist/auth.guard.js:44:124\n    at /home/abhimanyu/Projects/YQ/YQ Management/backend/node_modules/@nestjs/passport/dist/auth.guard.js:83:24\n    at allFailed (/home/abhimanyu/Projects/YQ/YQ Management/backend/node_modules/passport/lib/middleware/authenticate.js:110:18)\n    at attempt (/home/abhimanyu/Projects/YQ/YQ Management/backend/node_modules/passport/lib/middleware/authenticate.js:183:28)\n    at strategy.fail (/home/abhimanyu/Projects/YQ/YQ Management/backend/node_modules/passport/lib/middleware/authenticate.js:314:9)\n    at JwtStrategy.authenticate (/home/abhimanyu/Projects/YQ/YQ Management/backend/node_modules/passport-jwt/lib/strategy.js:96:21)\n    at attempt (/home/abhimanyu/Projects/YQ/YQ Management/backend/node_modules/passport/lib/middleware/authenticate.js:378:16)\n    at authenticate (/home/abhimanyu/Projects/YQ/YQ Management/backend/node_modules/passport/lib/middleware/authenticate.js:379:7)\n    at /home/abhimanyu/Projects/YQ/YQ Management/backend/node_modules/@nestjs/passport/dist/auth.guard.js:88:3",
    "name": "UnauthorizedException"
  }
}

{
  "timestamp": "2026-07-16T17:26:45.529Z",
  "path": "/auth/me",
  "method": "GET",
  "status": 401,
  "error": {
    "message": "Unauthorized",
    "stack": "UnauthorizedException: Unauthorized\n    at MixinAuthGuard.handleRequest (/home/abhimanyu/Projects/YQ/YQ Management/backend/node_modules/@nestjs/passport/dist/auth.guard.js:60:30)\n    at /home/abhimanyu/Projects/YQ/YQ Management/backend/node_modules/@nestjs/passport/dist/auth.guard.js:44:124\n    at /home/abhimanyu/Projects/YQ/YQ Management/backend/node_modules/@nestjs/passport/dist/auth.guard.js:83:24\n    at allFailed (/home/abhimanyu/Projects/YQ/YQ Management/backend/node_modules/passport/lib/middleware/authenticate.js:110:18)\n    at attempt (/home/abhimanyu/Projects/YQ/YQ Management/backend/node_modules/passport/lib/middleware/authenticate.js:183:28)\n    at strategy.fail (/home/abhimanyu/Projects/YQ/YQ Management/backend/node_modules/passport/lib/middleware/authenticate.js:314:9)\n    at JwtStrategy.authenticate (/home/abhimanyu/Projects/YQ/YQ Management/backend/node_modules/passport-jwt/lib/strategy.js:96:21)\n    at attempt (/home/abhimanyu/Projects/YQ/YQ Management/backend/node_modules/passport/lib/middleware/authenticate.js:378:16)\n    at authenticate (/home/abhimanyu/Projects/YQ/YQ Management/backend/node_modules/passport/lib/middleware/authenticate.js:379:7)\n    at /home/abhimanyu/Projects/YQ/YQ Management/backend/node_modules/@nestjs/passport/dist/auth.guard.js:88:3",
    "name": "UnauthorizedException"
  }
}

{
  "timestamp": "2026-07-16T17:26:45.668Z",
  "path": "/auth/me",
  "method": "GET",
  "status": 401,
  "error": {
    "message": "Unauthorized",
    "stack": "UnauthorizedException: Unauthorized\n    at MixinAuthGuard.handleRequest (/home/abhimanyu/Projects/YQ/YQ Management/backend/node_modules/@nestjs/passport/dist/auth.guard.js:60:30)\n    at /home/abhimanyu/Projects/YQ/YQ Management/backend/node_modules/@nestjs/passport/dist/auth.guard.js:44:124\n    at /home/abhimanyu/Projects/YQ/YQ Management/backend/node_modules/@nestjs/passport/dist/auth.guard.js:83:24\n    at allFailed (/home/abhimanyu/Projects/YQ/YQ Management/backend/node_modules/passport/lib/middleware/authenticate.js:110:18)\n    at attempt (/home/abhimanyu/Projects/YQ/YQ Management/backend/node_modules/passport/lib/middleware/authenticate.js:183:28)\n    at strategy.fail (/home/abhimanyu/Projects/YQ/YQ Management/backend/node_modules/passport/lib/middleware/authenticate.js:314:9)\n    at JwtStrategy.authenticate (/home/abhimanyu/Projects/YQ/YQ Management/backend/node_modules/passport-jwt/lib/strategy.js:96:21)\n    at attempt (/home/abhimanyu/Projects/YQ/YQ Management/backend/node_modules/passport/lib/middleware/authenticate.js:378:16)\n    at authenticate (/home/abhimanyu/Projects/YQ/YQ Management/backend/node_modules/passport/lib/middleware/authenticate.js:379:7)\n    at /home/abhimanyu/Projects/YQ/YQ Management/backend/node_modules/@nestjs/passport/dist/auth.guard.js:88:3",
    "name": "UnauthorizedException"
  }
}

{
  "timestamp": "2026-07-16T17:26:45.691Z",
  "path": "/auth/me",
  "method": "GET",
  "status": 401,
  "error": {
    "message": "Unauthorized",
    "stack": "UnauthorizedException: Unauthorized\n    at MixinAuthGuard.handleRequest (/home/abhimanyu/Projects/YQ/YQ Management/backend/node_modules/@nestjs/passport/dist/auth.guard.js:60:30)\n    at /home/abhimanyu/Projects/YQ/YQ Management/backend/node_modules/@nestjs/passport/dist/auth.guard.js:44:124\n    at /home/abhimanyu/Projects/YQ/YQ Management/backend/node_modules/@nestjs/passport/dist/auth.guard.js:83:24\n    at allFailed (/home/abhimanyu/Projects/YQ/YQ Management/backend/node_modules/passport/lib/middleware/authenticate.js:110:18)\n    at attempt (/home/abhimanyu/Projects/YQ/YQ Management/backend/node_modules/passport/lib/middleware/authenticate.js:183:28)\n    at strategy.fail (/home/abhimanyu/Projects/YQ/YQ Management/backend/node_modules/passport/lib/middleware/authenticate.js:314:9)\n    at JwtStrategy.authenticate (/home/abhimanyu/Projects/YQ/YQ Management/backend/node_modules/passport-jwt/lib/strategy.js:96:21)\n    at attempt (/home/abhimanyu/Projects/YQ/YQ Management/backend/node_modules/passport/lib/middleware/authenticate.js:378:16)\n    at authenticate (/home/abhimanyu/Projects/YQ/YQ Management/backend/node_modules/passport/lib/middleware/authenticate.js:379:7)\n    at /home/abhimanyu/Projects/YQ/YQ Management/backend/node_modules/@nestjs/passport/dist/auth.guard.js:88:3",
    "name": "UnauthorizedException"
  }
}

{
  "timestamp": "2026-07-16T17:26:45.803Z",
  "path": "/auth/me",
  "method": "GET",
  "status": 401,
  "error": {
    "message": "Unauthorized",
    "stack": "UnauthorizedException: Unauthorized\n    at MixinAuthGuard.handleRequest (/home/abhimanyu/Projects/YQ/YQ Management/backend/node_modules/@nestjs/passport/dist/auth.guard.js:60:30)\n    at /home/abhimanyu/Projects/YQ/YQ Management/backend/node_modules/@nestjs/passport/dist/auth.guard.js:44:124\n    at /home/abhimanyu/Projects/YQ/YQ Management/backend/node_modules/@nestjs/passport/dist/auth.guard.js:83:24\n    at allFailed (/home/abhimanyu/Projects/YQ/YQ Management/backend/node_modules/passport/lib/middleware/authenticate.js:110:18)\n    at attempt (/home/abhimanyu/Projects/YQ/YQ Management/backend/node_modules/passport/lib/middleware/authenticate.js:183:28)\n    at strategy.fail (/home/abhimanyu/Projects/YQ/YQ Management/backend/node_modules/passport/lib/middleware/authenticate.js:314:9)\n    at JwtStrategy.authenticate (/home/abhimanyu/Projects/YQ/YQ Management/backend/node_modules/passport-jwt/lib/strategy.js:96:21)\n    at attempt (/home/abhimanyu/Projects/YQ/YQ Management/backend/node_modules/passport/lib/middleware/authenticate.js:378:16)\n    at authenticate (/home/abhimanyu/Projects/YQ/YQ Management/backend/node_modules/passport/lib/middleware/authenticate.js:379:7)\n    at /home/abhimanyu/Projects/YQ/YQ Management/backend/node_modules/@nestjs/passport/dist/auth.guard.js:88:3",
    "name": "UnauthorizedException"
  }
}

{
  "timestamp": "2026-07-16T17:26:45.878Z",
  "path": "/auth/me",
  "method": "GET",
  "status": 401,
  "error": {
    "message": "Unauthorized",
    "stack": "UnauthorizedException: Unauthorized\n    at MixinAuthGuard.handleRequest (/home/abhimanyu/Projects/YQ/YQ Management/backend/node_modules/@nestjs/passport/dist/auth.guard.js:60:30)\n    at /home/abhimanyu/Projects/YQ/YQ Management/backend/node_modules/@nestjs/passport/dist/auth.guard.js:44:124\n    at /home/abhimanyu/Projects/YQ/YQ Management/backend/node_modules/@nestjs/passport/dist/auth.guard.js:83:24\n    at allFailed (/home/abhimanyu/Projects/YQ/YQ Management/backend/node_modules/passport/lib/middleware/authenticate.js:110:18)\n    at attempt (/home/abhimanyu/Projects/YQ/YQ Management/backend/node_modules/passport/lib/middleware/authenticate.js:183:28)\n    at strategy.fail (/home/abhimanyu/Projects/YQ/YQ Management/backend/node_modules/passport/lib/middleware/authenticate.js:314:9)\n    at JwtStrategy.authenticate (/home/abhimanyu/Projects/YQ/YQ Management/backend/node_modules/passport-jwt/lib/strategy.js:96:21)\n    at attempt (/home/abhimanyu/Projects/YQ/YQ Management/backend/node_modules/passport/lib/middleware/authenticate.js:378:16)\n    at authenticate (/home/abhimanyu/Projects/YQ/YQ Management/backend/node_modules/passport/lib/middleware/authenticate.js:379:7)\n    at /home/abhimanyu/Projects/YQ/YQ Management/backend/node_modules/@nestjs/passport/dist/auth.guard.js:88:3",
    "name": "UnauthorizedException"
  }
}

{
  "timestamp": "2026-07-16T17:26:46.400Z",
  "path": "/auth/login",
  "method": "POST",
  "status": 401,
  "error": {
    "message": "Invalid credentials",
    "stack": "UnauthorizedException: Invalid credentials\n    at AuthController.login (/home/abhimanyu/Projects/YQ/YQ Management/backend/src/auth/auth.controller.ts:20:13)\n    at process.processTicksAndRejections (node:internal/process/task_queues:104:5)\n    at async /home/abhimanyu/Projects/YQ/YQ Management/backend/node_modules/@nestjs/core/router/router-execution-context.js:47:62\n    at async /home/abhimanyu/Projects/YQ/YQ Management/backend/node_modules/@nestjs/core/router/router-proxy.js:9:17",
    "name": "UnauthorizedException"
  }
}

{
  "timestamp": "2026-07-16T17:26:46.573Z",
  "path": "/auth/login",
  "method": "POST",
  "status": 401,
  "error": {
    "message": "Invalid credentials",
    "stack": "UnauthorizedException: Invalid credentials\n    at AuthController.login (/home/abhimanyu/Projects/YQ/YQ Management/backend/src/auth/auth.controller.ts:20:13)\n    at process.processTicksAndRejections (node:internal/process/task_queues:104:5)\n    at async /home/abhimanyu/Projects/YQ/YQ Management/backend/node_modules/@nestjs/core/router/router-execution-context.js:47:62\n    at async /home/abhimanyu/Projects/YQ/YQ Management/backend/node_modules/@nestjs/core/router/router-proxy.js:9:17",
    "name": "UnauthorizedException"
  }
}

{
  "timestamp": "2026-07-16T17:26:46.865Z",
  "path": "/auth/me",
  "method": "GET",
  "status": 401,
  "error": {
    "message": "Unauthorized",
    "stack": "UnauthorizedException: Unauthorized\n    at MixinAuthGuard.handleRequest (/home/abhimanyu/Projects/YQ/YQ Management/backend/node_modules/@nestjs/passport/dist/auth.guard.js:60:30)\n    at /home/abhimanyu/Projects/YQ/YQ Management/backend/node_modules/@nestjs/passport/dist/auth.guard.js:44:124\n    at /home/abhimanyu/Projects/YQ/YQ Management/backend/node_modules/@nestjs/passport/dist/auth.guard.js:83:24\n    at allFailed (/home/abhimanyu/Projects/YQ/YQ Management/backend/node_modules/passport/lib/middleware/authenticate.js:110:18)\n    at attempt (/home/abhimanyu/Projects/YQ/YQ Management/backend/node_modules/passport/lib/middleware/authenticate.js:183:28)\n    at strategy.fail (/home/abhimanyu/Projects/YQ/YQ Management/backend/node_modules/passport/lib/middleware/authenticate.js:314:9)\n    at JwtStrategy.authenticate (/home/abhimanyu/Projects/YQ/YQ Management/backend/node_modules/passport-jwt/lib/strategy.js:96:21)\n    at attempt (/home/abhimanyu/Projects/YQ/YQ Management/backend/node_modules/passport/lib/middleware/authenticate.js:378:16)\n    at authenticate (/home/abhimanyu/Projects/YQ/YQ Management/backend/node_modules/passport/lib/middleware/authenticate.js:379:7)\n    at /home/abhimanyu/Projects/YQ/YQ Management/backend/node_modules/@nestjs/passport/dist/auth.guard.js:88:3",
    "name": "UnauthorizedException"
  }
}

{
  "timestamp": "2026-07-16T17:26:47.560Z",
  "path": "/auth/me",
  "method": "GET",
  "status": 401,
  "error": {
    "message": "Unauthorized",
    "stack": "UnauthorizedException: Unauthorized\n    at MixinAuthGuard.handleRequest (/home/abhimanyu/Projects/YQ/YQ Management/backend/node_modules/@nestjs/passport/dist/auth.guard.js:60:30)\n    at /home/abhimanyu/Projects/YQ/YQ Management/backend/node_modules/@nestjs/passport/dist/auth.guard.js:44:124\n    at /home/abhimanyu/Projects/YQ/YQ Management/backend/node_modules/@nestjs/passport/dist/auth.guard.js:83:24\n    at allFailed (/home/abhimanyu/Projects/YQ/YQ Management/backend/node_modules/passport/lib/middleware/authenticate.js:110:18)\n    at attempt (/home/abhimanyu/Projects/YQ/YQ Management/backend/node_modules/passport/lib/middleware/authenticate.js:183:28)\n    at strategy.fail (/home/abhimanyu/Projects/YQ/YQ Management/backend/node_modules/passport/lib/middleware/authenticate.js:314:9)\n    at JwtStrategy.authenticate (/home/abhimanyu/Projects/YQ/YQ Management/backend/node_modules/passport-jwt/lib/strategy.js:96:21)\n    at attempt (/home/abhimanyu/Projects/YQ/YQ Management/backend/node_modules/passport/lib/middleware/authenticate.js:378:16)\n    at authenticate (/home/abhimanyu/Projects/YQ/YQ Management/backend/node_modules/passport/lib/middleware/authenticate.js:379:7)\n    at /home/abhimanyu/Projects/YQ/YQ Management/backend/node_modules/@nestjs/passport/dist/auth.guard.js:88:3",
    "name": "UnauthorizedException"
  }
}

{
  "timestamp": "2026-07-16T17:26:47.795Z",
  "path": "/auth/me",
  "method": "GET",
  "status": 401,
  "error": {
    "message": "Unauthorized",
    "stack": "UnauthorizedException: Unauthorized\n    at MixinAuthGuard.handleRequest (/home/abhimanyu/Projects/YQ/YQ Management/backend/node_modules/@nestjs/passport/dist/auth.guard.js:60:30)\n    at /home/abhimanyu/Projects/YQ/YQ Management/backend/node_modules/@nestjs/passport/dist/auth.guard.js:44:124\n    at /home/abhimanyu/Projects/YQ/YQ Management/backend/node_modules/@nestjs/passport/dist/auth.guard.js:83:24\n    at allFailed (/home/abhimanyu/Projects/YQ/YQ Management/backend/node_modules/passport/lib/middleware/authenticate.js:110:18)\n    at attempt (/home/abhimanyu/Projects/YQ/YQ Management/backend/node_modules/passport/lib/middleware/authenticate.js:183:28)\n    at strategy.fail (/home/abhimanyu/Projects/YQ/YQ Management/backend/node_modules/passport/lib/middleware/authenticate.js:314:9)\n    at JwtStrategy.authenticate (/home/abhimanyu/Projects/YQ/YQ Management/backend/node_modules/passport-jwt/lib/strategy.js:96:21)\n    at attempt (/home/abhimanyu/Projects/YQ/YQ Management/backend/node_modules/passport/lib/middleware/authenticate.js:378:16)\n    at authenticate (/home/abhimanyu/Projects/YQ/YQ Management/backend/node_modules/passport/lib/middleware/authenticate.js:379:7)\n    at /home/abhimanyu/Projects/YQ/YQ Management/backend/node_modules/@nestjs/passport/dist/auth.guard.js:88:3",
    "name": "UnauthorizedException"
  }
}

{
  "timestamp": "2026-07-16T17:27:01.776Z",
  "path": "/auth/me",
  "method": "GET",
  "status": 401,
  "error": {
    "message": "Unauthorized",
    "stack": "UnauthorizedException: Unauthorized\n    at MixinAuthGuard.handleRequest (/home/abhimanyu/Projects/YQ/YQ Management/backend/node_modules/@nestjs/passport/dist/auth.guard.js:60:30)\n    at /home/abhimanyu/Projects/YQ/YQ Management/backend/node_modules/@nestjs/passport/dist/auth.guard.js:44:124\n    at /home/abhimanyu/Projects/YQ/YQ Management/backend/node_modules/@nestjs/passport/dist/auth.guard.js:83:24\n    at allFailed (/home/abhimanyu/Projects/YQ/YQ Management/backend/node_modules/passport/lib/middleware/authenticate.js:110:18)\n    at attempt (/home/abhimanyu/Projects/YQ/YQ Management/backend/node_modules/passport/lib/middleware/authenticate.js:183:28)\n    at strategy.fail (/home/abhimanyu/Projects/YQ/YQ Management/backend/node_modules/passport/lib/middleware/authenticate.js:314:9)\n    at JwtStrategy.authenticate (/home/abhimanyu/Projects/YQ/YQ Management/backend/node_modules/passport-jwt/lib/strategy.js:96:21)\n    at attempt (/home/abhimanyu/Projects/YQ/YQ Management/backend/node_modules/passport/lib/middleware/authenticate.js:378:16)\n    at authenticate (/home/abhimanyu/Projects/YQ/YQ Management/backend/node_modules/passport/lib/middleware/authenticate.js:379:7)\n    at /home/abhimanyu/Projects/YQ/YQ Management/backend/node_modules/@nestjs/passport/dist/auth.guard.js:88:3",
    "name": "UnauthorizedException"
  }
}

{
  "timestamp": "2026-07-16T17:27:03.587Z",
  "path": "/auth/me",
  "method": "GET",
  "status": 401,
  "error": {
    "message": "Unauthorized",
    "stack": "UnauthorizedException: Unauthorized\n    at MixinAuthGuard.handleRequest (/home/abhimanyu/Projects/YQ/YQ Management/backend/node_modules/@nestjs/passport/dist/auth.guard.js:60:30)\n    at /home/abhimanyu/Projects/YQ/YQ Management/backend/node_modules/@nestjs/passport/dist/auth.guard.js:44:124\n    at /home/abhimanyu/Projects/YQ/YQ Management/backend/node_modules/@nestjs/passport/dist/auth.guard.js:83:24\n    at allFailed (/home/abhimanyu/Projects/YQ/YQ Management/backend/node_modules/passport/lib/middleware/authenticate.js:110:18)\n    at attempt (/home/abhimanyu/Projects/YQ/YQ Management/backend/node_modules/passport/lib/middleware/authenticate.js:183:28)\n    at strategy.fail (/home/abhimanyu/Projects/YQ/YQ Management/backend/node_modules/passport/lib/middleware/authenticate.js:314:9)\n    at JwtStrategy.authenticate (/home/abhimanyu/Projects/YQ/YQ Management/backend/node_modules/passport-jwt/lib/strategy.js:96:21)\n    at attempt (/home/abhimanyu/Projects/YQ/YQ Management/backend/node_modules/passport/lib/middleware/authenticate.js:378:16)\n    at authenticate (/home/abhimanyu/Projects/YQ/YQ Management/backend/node_modules/passport/lib/middleware/authenticate.js:379:7)\n    at /home/abhimanyu/Projects/YQ/YQ Management/backend/node_modules/@nestjs/passport/dist/auth.guard.js:88:3",
    "name": "UnauthorizedException"
  }
}

{
  "timestamp": "2026-07-16T17:27:05.395Z",
  "path": "/auth/verify-login",
  "method": "POST",
  "status": 500,
  "error": {
    "message": "\nInvalid `this.prisma.user.findUnique()` invocation in\n/home/abhimanyu/Projects/YQ/YQ Management/backend/src/users/users.service.ts:11:29\n\n   8 constructor(private prisma: PrismaService) {}\n   9 \n  10 async findOneByEmail(email: string) {\n→ 11   return this.prisma.user.findUnique(\nCan't reach database server at 127.0.0.1:5455",
    "stack": "PrismaClientKnownRequestError: \nInvalid `this.prisma.user.findUnique()` invocation in\n/home/abhimanyu/Projects/YQ/YQ Management/backend/src/users/users.service.ts:11:29\n\n   8 constructor(private prisma: PrismaService) {}\n   9 \n  10 async findOneByEmail(email: string) {\n→ 11   return this.prisma.user.findUnique(\nCan't reach database server at 127.0.0.1:5455\n    at zr.handleRequestError (/home/abhimanyu/Projects/YQ/YQ Management/backend/node_modules/@prisma/client/src/runtime/RequestHandler.ts:237:13)\n    at zr.handleAndLogRequestError (/home/abhimanyu/Projects/YQ/YQ Management/backend/node_modules/@prisma/client/src/runtime/RequestHandler.ts:183:12)\n    at zr.request (/home/abhimanyu/Projects/YQ/YQ Management/backend/node_modules/@prisma/client/src/runtime/RequestHandler.ts:152:12)\n    at process.processTicksAndRejections (node:internal/process/task_queues:104:5)\n    at async a (/home/abhimanyu/Projects/YQ/YQ Management/backend/node_modules/@prisma/client/src/runtime/getPrismaClient.ts:963:24)\n    at async AuthService.verifyOTP (/home/abhimanyu/Projects/YQ/YQ Management/backend/src/auth/auth.service.ts:47:18)\n    at async AuthController.verifyLogin (/home/abhimanyu/Projects/YQ/YQ Management/backend/src/auth/auth.controller.ts:30:18)\n    at async /home/abhimanyu/Projects/YQ/YQ Management/backend/node_modules/@nestjs/core/router/router-execution-context.js:47:62\n    at async /home/abhimanyu/Projects/YQ/YQ Management/backend/node_modules/@nestjs/core/router/router-proxy.js:9:17",
    "name": "PrismaClientKnownRequestError"
  }
}

{
  "timestamp": "2026-07-23T10:54:28.493Z",
  "path": "/auth/me",
  "method": "GET",
  "status": 401,
  "error": {
    "message": "Unauthorized",
    "stack": "UnauthorizedException: Unauthorized\n    at MixinAuthGuard.handleRequest (/home/abhimanyu/Projects/YQ/YQ Management/backend/node_modules/@nestjs/passport/dist/auth.guard.js:60:30)\n    at /home/abhimanyu/Projects/YQ/YQ Management/backend/node_modules/@nestjs/passport/dist/auth.guard.js:44:124\n    at /home/abhimanyu/Projects/YQ/YQ Management/backend/node_modules/@nestjs/passport/dist/auth.guard.js:83:24\n    at allFailed (/home/abhimanyu/Projects/YQ/YQ Management/backend/node_modules/passport/lib/middleware/authenticate.js:110:18)\n    at attempt (/home/abhimanyu/Projects/YQ/YQ Management/backend/node_modules/passport/lib/middleware/authenticate.js:183:28)\n    at strategy.fail (/home/abhimanyu/Projects/YQ/YQ Management/backend/node_modules/passport/lib/middleware/authenticate.js:314:9)\n    at JwtStrategy.authenticate (/home/abhimanyu/Projects/YQ/YQ Management/backend/node_modules/passport-jwt/lib/strategy.js:96:21)\n    at attempt (/home/abhimanyu/Projects/YQ/YQ Management/backend/node_modules/passport/lib/middleware/authenticate.js:378:16)\n    at authenticate (/home/abhimanyu/Projects/YQ/YQ Management/backend/node_modules/passport/lib/middleware/authenticate.js:379:7)\n    at /home/abhimanyu/Projects/YQ/YQ Management/backend/node_modules/@nestjs/passport/dist/auth.guard.js:88:3",
    "name": "UnauthorizedException"
  }
}

{
  "timestamp": "2026-07-23T10:54:38.570Z",
  "path": "/auth/me",
  "method": "GET",
  "status": 401,
  "error": {
    "message": "Unauthorized",
    "stack": "UnauthorizedException: Unauthorized\n    at MixinAuthGuard.handleRequest (/home/abhimanyu/Projects/YQ/YQ Management/backend/node_modules/@nestjs/passport/dist/auth.guard.js:60:30)\n    at /home/abhimanyu/Projects/YQ/YQ Management/backend/node_modules/@nestjs/passport/dist/auth.guard.js:44:124\n    at /home/abhimanyu/Projects/YQ/YQ Management/backend/node_modules/@nestjs/passport/dist/auth.guard.js:83:24\n    at allFailed (/home/abhimanyu/Projects/YQ/YQ Management/backend/node_modules/passport/lib/middleware/authenticate.js:110:18)\n    at attempt (/home/abhimanyu/Projects/YQ/YQ Management/backend/node_modules/passport/lib/middleware/authenticate.js:183:28)\n    at strategy.fail (/home/abhimanyu/Projects/YQ/YQ Management/backend/node_modules/passport/lib/middleware/authenticate.js:314:9)\n    at /home/abhimanyu/Projects/YQ/YQ Management/backend/node_modules/passport-jwt/lib/strategy.js:106:33\n    at /home/abhimanyu/Projects/YQ/YQ Management/backend/node_modules/jsonwebtoken/verify.js:190:16\n    at getSecret (/home/abhimanyu/Projects/YQ/YQ Management/backend/node_modules/jsonwebtoken/verify.js:97:14)\n    at module.exports [as verify] (/home/abhimanyu/Projects/YQ/YQ Management/backend/node_modules/jsonwebtoken/verify.js:101:10)",
    "name": "UnauthorizedException"
  }
}

{
  "timestamp": "2026-07-23T10:54:40.550Z",
  "path": "/auth/me",
  "method": "GET",
  "status": 401,
  "error": {
    "message": "Unauthorized",
    "stack": "UnauthorizedException: Unauthorized\n    at MixinAuthGuard.handleRequest (/home/abhimanyu/Projects/YQ/YQ Management/backend/node_modules/@nestjs/passport/dist/auth.guard.js:60:30)\n    at /home/abhimanyu/Projects/YQ/YQ Management/backend/node_modules/@nestjs/passport/dist/auth.guard.js:44:124\n    at /home/abhimanyu/Projects/YQ/YQ Management/backend/node_modules/@nestjs/passport/dist/auth.guard.js:83:24\n    at allFailed (/home/abhimanyu/Projects/YQ/YQ Management/backend/node_modules/passport/lib/middleware/authenticate.js:110:18)\n    at attempt (/home/abhimanyu/Projects/YQ/YQ Management/backend/node_modules/passport/lib/middleware/authenticate.js:183:28)\n    at strategy.fail (/home/abhimanyu/Projects/YQ/YQ Management/backend/node_modules/passport/lib/middleware/authenticate.js:314:9)\n    at /home/abhimanyu/Projects/YQ/YQ Management/backend/node_modules/passport-jwt/lib/strategy.js:106:33\n    at /home/abhimanyu/Projects/YQ/YQ Management/backend/node_modules/jsonwebtoken/verify.js:190:16\n    at getSecret (/home/abhimanyu/Projects/YQ/YQ Management/backend/node_modules/jsonwebtoken/verify.js:97:14)\n    at module.exports [as verify] (/home/abhimanyu/Projects/YQ/YQ Management/backend/node_modules/jsonwebtoken/verify.js:101:10)",
    "name": "UnauthorizedException"
  }
}

